,day_of_week,crime_count
0,5,0.3654390934844193
1,6,0.29178470254957506
2,5,0.1274787535410765
3,6,0.28895184135977336
4,7,0.29745042492917845
5,1,0.17563739376770537
6,2,0.18980169971671387
7,3,0.36827195467422097
8,4,0.6175637393767706
9,5,0.46742209631728043
10,6,0.5552407932011332
11,7,0.43342776203966005
12,1,0.46458923512747874
13,2,0.7025495750708215
14,3,0.5694050991501416
15,4,0.5864022662889519
16,5,0.7223796033994334
17,6,0.5977337110481586
18,7,0.28611898016997167
19,1,0.31444759206798867
20,2,0.36827195467422097
21,3,0.28895184135977336
22,4,0.45325779036827196
23,5,0.47875354107648727
24,6,0.2577903682719547
25,7,0.05099150141643059
26,3,0.0906515580736544
27,4,0.0764872521246459
28,5,0.43059490084985835
29,6,0.37960339943342775
30,7,0.19830028328611898
31,1,0.17563739376770537
32,2,0.23796033994334279
33,3,0.17280453257790368
34,4,0.18696883852691218
35,5,0.24645892351274787
36,6,0.14730878186968838
37,7,0.019830028328611898
38,2,0.14730878186968838
39,5,0.3031161473087819
40,6,0.3031161473087819
41,7,0.13314447592067988
42,1,0.0764872521246459
43,2,0.23512747875354106
44,3,0.0764872521246459
45,5,0.26345609065155806
46,6,0.0
47,7,0.603399433427762
48,1,0.32011331444759206
49,2,0.2577903682719547
50,3,0.04815864022662889
51,4,0.19263456090651557
52,5,0.4730878186968839
53,6,0.43059490084985835
54,7,0.22662889518413598
55,1,0.5127478753541076
56,2,0.5920679886685553
57,3,0.5694050991501416
58,4,0.5864022662889519
59,5,0.7620396600566572
60,6,0.71671388101983
61,7,0.6628895184135978
62,1,0.6628895184135978
63,2,0.4164305949008499
64,3,0.41076487252124644
65,4,0.48725212464589235
66,5,0.6572237960339944
67,6,0.40793201133144474
68,7,0.31444759206798867
69,1,0.13314447592067988
70,2,0.26628895184135976
71,3,0.5070821529745042
72,4,0.3937677053824363
73,5,0.5127478753541076
74,6,0.31728045325779036
75,7,0.2096317280453258
76,1,0.49291784702549574
77,2,0.4192634560906516
78,4,0.7053824362606232
79,5,0.46742209631728043
80,6,0.42209631728045327
81,7,0.3626062322946176
82,1,0.37110481586402266
83,2,0.1643059490084986
84,3,0.37960339943342775
85,4,0.29178470254957506
86,5,0.47875354107648727
87,6,0.49575070821529743
88,7,0.6458923512747875
89,1,0.5382436260623229
90,2,0.6288951841359773
91,3,0.7280453257790368
92,4,0.40509915014164305
93,5,0.6798866855524079
94,6,0.6345609065155807
95,7,0.4475920679886686
96,1,0.5609065155807366
97,2,0.3342776203966006
98,3,0.3881019830028329
99,4,0.5297450424929179
100,5,0.6118980169971672
101,6,0.42492917847025496
102,7,0.49008498583569404
103,1,0.4985835694050991
104,2,0.49291784702549574
105,3,0.6260623229461756
106,4,0.34277620396600567
107,6,0.40226628895184136
108,7,0.56657223796034
109,1,0.6628895184135978
110,2,0.43059490084985835
111,3,0.5495750708215298
112,4,0.7960339943342776
113,5,0.7422096317280453
114,6,0.39660056657223797
115,7,0.5552407932011332
116,1,0.5779036827195467
117,2,0.6005665722379604
118,3,0.6317280453257791
119,4,0.5949008498583569
120,5,0.7847025495750708
121,6,0.9546742209631728
122,7,0.8243626062322946
123,1,0.603399433427762
124,2,0.46175637393767704
125,3,0.5240793201133145
126,4,0.56657223796034
127,5,0.7903682719546742
128,6,0.71671388101983
129,7,0.40226628895184136
130,1,0.46175637393767704
131,2,0.6373937677053825
132,3,0.546742209631728
133,4,0.7223796033994334
134,5,0.8016997167138811
135,6,0.49291784702549574
136,7,0.34277620396600567
137,2,0.6430594900849859
138,3,0.6628895184135978
139,4,0.4985835694050991
140,5,0.6827195467422096
141,6,0.603399433427762
142,7,0.5524079320113314
143,1,0.3881019830028329
144,2,0.5297450424929179
145,3,0.7025495750708215
146,4,0.7337110481586402
147,5,0.8016997167138811
148,6,0.7592067988668555
149,7,0.7138810198300283
150,1,0.5524079320113314
151,2,0.8555240793201133
152,3,0.5042492917847026
153,4,0.6317280453257791
154,5,0.6487252124645893
155,6,0.6260623229461756
156,7,0.6742209631728046
157,1,0.6657223796033994
158,2,0.5297450424929179
159,3,0.5184135977337111
160,4,0.6770538243626062
161,5,0.6770538243626062
162,6,0.5042492917847026
163,7,0.7138810198300283
164,1,0.5864022662889519
165,2,0.5779036827195467
166,3,0.9773371104815864
167,4,0.6005665722379604
168,5,0.6317280453257791
169,6,0.8498583569405099
170,7,1.0
171,1,0.6005665722379604
172,2,0.44192634560906513
173,3,0.49008498583569404
174,4,0.3597733711048159
175,5,0.5495750708215298
176,6,0.71671388101983
177,7,0.7252124645892352
178,1,0.6713881019830028
179,2,0.4702549575070821
180,3,0.7082152974504249
181,4,0.3626062322946176
182,5,0.7932011331444759
183,6,0.6543909348441926
184,7,0.6203966005665722
185,1,0.660056657223796
186,2,0.6572237960339944
187,3,0.6487252124645893
188,4,0.7507082152974505
189,5,0.9121813031161473
190,6,0.8130311614730878
191,7,0.7280453257790368
192,1,0.8215297450424929
193,2,0.6288951841359773
194,3,0.6203966005665722
195,4,0.6515580736543909
196,5,0.6713881019830028
197,7,0.7847025495750708
198,1,0.5212464589235127
199,2,0.6118980169971672
200,3,0.6430594900849859
201,4,0.7478753541076487
202,5,0.8328611898016998
203,6,0.8611898016997167
204,7,0.56657223796034
205,1,0.7478753541076487
206,2,0.6968838526912181
207,3,0.6090651558073654
208,4,0.6770538243626062
209,5,0.7450424929178471
210,6,0.7960339943342776
211,7,0.9065155807365439
212,1,0.5552407932011332
213,2,0.6147308781869688
214,3,0.7025495750708215
215,4,0.8356940509915014
216,5,0.886685552407932
217,6,0.8498583569405099
218,7,0.7393767705382436
219,1,0.5070821529745042
220,2,0.6288951841359773
221,3,0.6997167138810199
222,4,0.6203966005665722
223,5,0.7393767705382436
224,6,0.6118980169971672
225,7,0.7223796033994334
226,1,0.56657223796034
227,3,0.7252124645892352
228,4,0.9348441926345609
229,5,0.7648725212464589
230,6,0.6288951841359773
231,7,0.773371104815864
232,1,0.7450424929178471
233,2,0.48725212464589235
234,3,0.4702549575070821
235,4,0.32294617563739375
236,5,0.41359773371104813
237,6,0.5070821529745042
238,7,0.5354107648725213
239,1,0.6968838526912181
240,2,0.7592067988668555
241,3,0.6260623229461756
242,4,0.48725212464589235
243,5,0.6968838526912181
244,6,0.6997167138810199
245,7,0.7535410764872521
246,1,0.5382436260623229
247,2,0.6572237960339944
248,3,0.8186968838526912
249,4,0.49008498583569404
250,5,0.7535410764872521
251,6,0.6997167138810199
252,7,0.7308781869688386
253,1,0.5892351274787535
254,2,0.35410764872521244
255,3,0.37677053824362605
256,4,0.9773371104815864
257,5,0.7195467422096318
258,6,0.46458923512747874
259,7,0.3087818696883853
260,1,0.5949008498583569
261,2,0.5864022662889519
262,3,0.49008498583569404
263,4,0.44192634560906513
264,5,0.7082152974504249
265,6,0.5212464589235127
266,7,0.5382436260623229
267,1,0.5297450424929179
268,2,0.5552407932011332
269,3,0.6203966005665722
270,4,0.7677053824362606
271,5,0.5354107648725213
272,6,0.45609065155807366
273,7,0.36827195467422097
274,1,0.6883852691218131
275,2,0.6798866855524079
276,3,0.7053824362606232
277,4,0.6487252124645893
278,5,0.6572237960339944
279,6,0.623229461756374
280,7,0.5184135977337111
281,1,0.6685552407932012
282,2,0.3002832861189802
283,3,0.3881019830028329
284,4,0.35127478753541075
285,5,0.6543909348441926
286,6,0.4985835694050991
287,1,0.6798866855524079
288,2,0.5779036827195467
289,3,0.6968838526912181
290,4,0.5920679886685553
291,5,0.5722379603399433
292,6,0.41359773371104813
293,7,0.45325779036827196
294,1,0.3937677053824363
295,2,0.26912181303116145
296,3,0.40509915014164305
297,4,0.4192634560906516
298,5,0.37960339943342775
299,6,0.42776203966005666
300,7,0.5014164305949008
301,1,0.5637393767705382
302,2,0.34844192634560905
303,3,0.3937677053824363
304,4,0.42776203966005666
305,5,0.47875354107648727
306,1,0.29745042492917845
307,2,0.17563739376770537
308,3,0.21246458923512748
309,4,0.1274787535410765
310,5,0.19263456090651557
311,6,0.32011331444759206
312,7,0.18980169971671387
313,1,0.34844192634560905
314,2,0.7138810198300283
315,3,0.48441926345609065
316,4,0.46742209631728043
317,5,0.43909348441926344
318,6,0.45892351274787535
319,7,0.40226628895184136
320,1,0.40793201133144474
321,2,0.5325779036827195
322,3,0.39660056657223797
323,4,0.41359773371104813
324,5,0.5580736543909348
325,6,0.5864022662889519
326,7,0.3002832861189802
327,1,0.5495750708215298
328,2,0.7053824362606232
329,3,0.5014164305949008
330,4,0.5184135977337111
331,5,0.3059490084985836
332,6,0.34277620396600567
333,7,0.4192634560906516
334,1,0.29745042492917845
335,2,0.42209631728045327
336,3,0.5920679886685553
337,4,0.36827195467422097
338,6,0.26912181303116145
339,7,0.23229461756373937
340,2,0.2237960339943343
341,3,0.1643059490084986
342,4,0.18696883852691218
343,6,0.018461538461538463
344,7,0.1476923076923077
345,1,0.1723076923076923
346,2,0.1753846153846154
347,3,0.17846153846153845
348,4,0.4246153846153846
349,5,0.5353846153846153
350,6,0.24615384615384617
351,7,0.08307692307692308
352,3,0.25846153846153846
353,4,0.5046153846153846
354,5,0.5046153846153846
355,6,0.2523076923076923
356,2,0.12307692307692308
357,3,0.15076923076923077
358,4,0.19692307692307692
359,5,0.40307692307692305
360,6,0.4676923076923077
361,7,0.3261538461538461
362,1,0.5353846153846153
363,2,0.2153846153846154
364,3,0.3046153846153846
365,4,0.56
366,5,0.5415384615384615
367,6,0.5323076923076923
368,7,0.2923076923076923
369,1,0.8707692307692307
370,2,0.13538461538461538
371,3,0.3446153846153846
372,4,0.3076923076923077
373,5,0.27692307692307694
374,6,0.38769230769230767
375,7,0.14461538461538462
376,1,0.0
377,4,0.036923076923076927
378,5,0.23692307692307693
379,6,0.08307692307692308
380,2,0.16923076923076924
381,3,0.21846153846153846
382,4,0.3415384615384615
383,5,0.6307692307692307
384,6,0.40615384615384614
385,7,0.42153846153846153
386,1,0.2123076923076923
387,2,0.18461538461538463
388,3,0.024615384615384615
389,4,0.39692307692307693
390,5,0.5230769230769231
391,6,0.37538461538461537
392,7,0.16923076923076924
393,1,0.23384615384615384
394,2,0.76
395,3,0.12
396,4,0.14461538461538462
397,5,0.4123076923076923
398,6,0.4
399,7,0.4430769230769231
400,1,0.6923076923076923
401,2,0.4707692307692308
402,3,0.3353846153846154
403,4,0.4492307692307692
404,5,0.5015384615384615
405,6,0.5415384615384615
406,7,0.17846153846153845
407,1,0.3507692307692308
408,2,0.44
409,3,0.5384615384615384
410,4,0.5169230769230769
411,5,0.68
412,6,0.39692307692307693
413,7,0.3569230769230769
414,1,0.39692307692307693
415,2,0.4676923076923077
416,3,0.3569230769230769
417,4,0.3292307692307692
418,5,0.4523076923076923
419,6,0.5076923076923077
420,7,0.18769230769230769
421,1,0.5261538461538462
422,2,0.52
423,3,0.4492307692307692
424,4,0.5661538461538461
425,5,0.796923076923077
426,6,0.24923076923076923
427,7,0.41846153846153844
428,1,0.28
429,2,0.3292307692307692
430,3,0.27692307692307694
431,4,0.5292307692307693
432,5,0.1723076923076923
433,6,0.36615384615384616
434,7,0.4123076923076923
435,1,0.3261538461538461
436,2,0.40307692307692305
437,3,0.4461538461538462
438,4,0.3723076923076923
439,5,0.7415384615384616
440,6,0.5046153846153846
441,7,0.4246153846153846
442,1,0.5169230769230769
443,2,0.40923076923076923
444,3,0.36923076923076925
445,4,0.4430769230769231
446,5,0.49538461538461537
447,6,0.38153846153846155
448,7,0.5723076923076923
449,1,0.5784615384615385
450,2,0.37846153846153846
451,3,0.28
452,4,0.49846153846153846
453,5,0.4584615384615385
454,6,0.1076923076923077
455,7,0.7692307692307693
456,1,0.5753846153846154
457,2,0.5076923076923077
458,3,0.3446153846153846
459,4,0.40307692307692305
460,5,0.6892307692307692
461,6,0.5292307692307693
462,7,0.48923076923076925
463,1,0.49846153846153846
464,2,0.44
465,3,0.5784615384615385
466,4,0.36923076923076925
467,5,0.7323076923076923
468,6,0.4707692307692308
469,7,0.52
470,1,0.6523076923076923
471,2,0.37538461538461537
472,3,0.7107692307692308
473,4,0.6
474,5,0.7230769230769231
475,6,0.683076923076923
476,7,0.5538461538461539
477,1,0.6523076923076923
478,2,0.7169230769230769
479,3,0.4646153846153846
480,4,0.6061538461538462
481,5,0.7076923076923077
482,6,0.68
483,7,0.7015384615384616
484,1,0.7692307692307693
485,2,0.5723076923076923
486,4,0.7076923076923077
487,5,0.7753846153846153
488,6,0.7907692307692308
489,7,0.6369230769230769
490,1,0.683076923076923
491,2,0.5661538461538461
492,3,0.5353846153846153
493,4,0.48307692307692307
494,5,0.6
495,6,0.7569230769230769
496,7,0.8676923076923077
497,1,0.6892307692307692
498,2,0.8153846153846154
499,3,0.676923076923077
500,4,0.7723076923076924
501,5,0.8
502,6,0.5938461538461538
503,7,0.7415384615384616
504,1,0.8830769230769231
505,2,0.7846153846153846
506,3,0.5507692307692308
507,4,0.7107692307692308
508,5,0.7292307692307692
509,6,0.7476923076923077
510,7,0.6307692307692307
511,1,0.6184615384615385
512,2,0.6061538461538462
513,3,0.72
514,4,0.8523076923076923
515,6,0.5723076923076923
516,7,0.6523076923076923
517,1,0.8553846153846154
518,2,1.0
519,3,0.5292307692307693
520,4,0.676923076923077
521,5,0.68
522,6,0.48923076923076925
523,7,0.5846153846153846
524,1,0.40307692307692305
525,2,0.6461538461538462
526,3,0.48
527,4,0.6123076923076923
528,5,0.8492307692307692
529,6,0.6461538461538462
530,7,0.6738461538461539
531,1,0.7046153846153846
532,2,0.68
533,3,0.7846153846153846
534,4,0.6615384615384615
535,5,0.683076923076923
536,6,0.7507692307692307
537,7,0.676923076923077
538,1,0.7907692307692308
539,2,0.9446153846153846
540,3,0.6923076923076923
541,4,0.6276923076923077
542,5,0.7138461538461538
543,7,0.7476923076923077
544,1,0.963076923076923
545,2,0.6861538461538461
546,3,0.6215384615384615
547,4,0.6861538461538461
548,5,0.9015384615384615
549,6,0.7938461538461539
550,7,0.8246153846153846
551,1,0.72
552,2,0.47692307692307695
553,3,0.4676923076923077
554,4,0.8676923076923077
555,5,0.5415384615384615
556,6,0.7907692307692308
557,7,0.84
558,1,0.8430769230769231
559,2,0.7569230769230769
560,3,0.8984615384615384
561,4,0.6061538461538462
562,5,0.6861538461538461
563,6,0.8430769230769231
564,7,0.6646153846153846
565,1,0.48615384615384616
566,2,0.563076923076923
567,3,0.7784615384615384
568,4,0.6153846153846154
569,5,0.7169230769230769
570,6,0.7661538461538462
571,7,0.7230769230769231
572,1,0.9661538461538461
573,2,0.5753846153846154
574,3,0.6461538461538462
575,5,0.7046153846153846
576,6,0.8
577,7,0.6430769230769231
578,1,0.7753846153846153
579,2,0.5876923076923077
580,3,0.4707692307692308
581,4,0.6923076923076923
582,5,0.7630769230769231
583,6,0.6061538461538462
584,7,0.5784615384615385
585,1,0.6861538461538461
586,2,0.6646153846153846
587,3,0.7692307692307693
588,4,0.7784615384615384
589,5,0.7292307692307692
590,6,0.8123076923076923
591,7,0.6492307692307693
592,1,0.4369230769230769
593,2,0.683076923076923
594,3,0.49538461538461537
595,4,0.803076923076923
596,5,0.8461538461538461
597,6,0.8092307692307692
598,7,0.7353846153846154
599,1,0.5969230769230769
600,2,0.5076923076923077
601,3,0.2
602,4,0.40615384615384614
603,5,0.6215384615384615
604,6,0.8984615384615384
605,7,0.42153846153846153
606,1,0.6215384615384615
607,2,0.5323076923076923
608,3,0.7230769230769231
609,4,0.5661538461538461
610,5,0.9015384615384615
611,6,0.4461538461538462
612,7,0.3446153846153846
613,1,0.47384615384615386
614,2,0.39076923076923076
615,3,0.5415384615384615
616,4,0.38153846153846155
617,5,0.7723076923076924
618,6,0.7784615384615384
619,7,0.676923076923077
620,1,0.76
621,2,0.6276923076923077
622,3,0.4369230769230769
623,4,0.4523076923076923
624,5,0.5846153846153846
625,6,0.6276923076923077
626,7,0.6615384615384615
627,1,0.6153846153846154
628,2,0.5107692307692308
629,3,0.39692307692307693
630,4,0.49538461538461537
631,5,0.7138461538461538
632,6,0.803076923076923
633,7,0.6646153846153846
634,1,0.9138461538461539
635,3,0.5507692307692308
636,4,0.6553846153846153
637,5,0.6553846153846153
638,6,0.7723076923076924
639,7,0.563076923076923
640,1,0.5169230769230769
641,2,0.2276923076923077
642,3,0.3384615384615385
643,4,0.4707692307692308
644,5,0.7015384615384616
645,6,0.6461538461538462
646,7,0.27692307692307694
647,1,0.3076923076923077
648,2,0.4369230769230769
649,3,0.6153846153846154
650,4,0.7415384615384616
651,5,0.6892307692307692
652,6,0.3292307692307692
653,7,0.28615384615384615
654,1,0.3476923076923077
655,2,0.4707692307692308
656,3,0.39692307692307693
657,5,0.36615384615384616
658,6,0.4584615384615385
659,7,0.37846153846153846
660,1,0.37846153846153846
661,2,0.39384615384615385
662,3,0.39076923076923076
663,4,0.7753846153846153
664,5,0.8153846153846154
665,6,0.5784615384615385
666,7,0.07692307692307693
667,1,0.3323076923076923
668,2,0.3630769230769231
669,3,0.27692307692307694
670,4,0.11076923076923077
671,5,0.30153846153846153
672,6,0.12923076923076923
673,1,0.18153846153846154
674,2,0.015384615384615385
675,3,0.12307692307692308
676,4,0.03076923076923077
677,5,0.38461538461538464
678,6,0.13538461538461538
679,1,0.27692307692307694
680,2,0.37846153846153846
681,3,0.48923076923076925
682,4,0.40615384615384614
683,5,0.48615384615384616
684,6,0.10461538461538461
685,1,0.23692307692307693
686,2,0.28615384615384615
687,3,0.4676923076923077
688,4,0.23692307692307693
689,5,0.5292307692307693
690,6,0.4123076923076923
691,1,0.07236842105263158
692,2,0.41776315789473684
693,3,0.06907894736842106
694,4,0.06578947368421052
695,5,0.03289473684210526
696,6,0.08881578947368421
697,7,0.0
698,1,0.40131578947368424
699,2,0.375
700,3,0.23684210526315788
701,4,0.17434210526315788
702,5,0.6875
703,6,0.3092105263157895
704,7,0.2138157894736842
705,1,0.20065789473684212
706,2,0.375
707,3,0.3815789473684211
708,4,0.48355263157894735
709,5,0.631578947368421
710,6,0.6414473684210527
711,7,0.4967105263157895
712,1,0.6513157894736842
713,2,0.4769736842105263
714,3,0.5164473684210527
715,4,0.27631578947368424
716,5,0.6348684210526315
717,6,0.4605263157894737
718,7,0.14144736842105263
719,1,0.5460526315789473
720,2,0.47039473684210525
721,3,0.8421052631578947
722,4,0.2631578947368421
723,5,0.2598684210526316
724,6,0.15460526315789475
725,7,0.34210526315789475
726,1,0.5625
727,2,0.3355263157894737
728,3,0.24671052631578946
729,4,0.2532894736842105
730,5,0.506578947368421
731,6,0.3717105263157895
732,7,0.28618421052631576
733,1,0.41776315789473684
734,2,0.40131578947368424
735,3,0.2730263157894737
736,4,0.2631578947368421
737,5,0.7927631578947368
738,6,0.5164473684210527
739,7,0.2730263157894737
740,1,0.39473684210526316
741,2,0.2894736842105263
742,3,0.3684210526315789
743,4,0.21052631578947367
744,5,0.22697368421052633
745,6,0.02631578947368421
746,1,0.13815789473684212
747,2,0.13157894736842105
748,3,0.4967105263157895
749,4,0.125
750,5,0.26973684210526316
751,6,0.13815789473684212
752,7,0.23355263157894737
753,1,0.3026315789473684
754,2,0.3026315789473684
755,3,0.25
756,4,0.27960526315789475
757,5,0.24671052631578946
758,6,0.2236842105263158
759,3,0.05921052631578947
760,4,0.2532894736842105
761,5,0.3881578947368421
762,6,0.2730263157894737
763,7,0.046052631578947366
764,1,0.34539473684210525
765,2,0.19407894736842105
766,3,0.18092105263157895
767,4,0.24671052631578946
768,5,0.618421052631579
769,6,0.34210526315789475
770,7,0.3651315789473684
771,1,0.4309210526315789
772,2,0.26973684210526316
773,3,0.2565789473684211
774,4,0.32894736842105265
775,5,0.6118421052631579
776,6,0.7894736842105263
777,7,0.3256578947368421
778,1,0.34868421052631576
779,2,0.3980263157894737
780,3,0.13815789473684212
781,4,0.2532894736842105
782,5,0.375
783,6,0.34539473684210525
784,7,0.5592105263157895
785,1,0.3026315789473684
786,2,0.3684210526315789
787,3,0.4473684210526316
788,4,0.24342105263157895
789,5,0.5986842105263158
790,6,0.743421052631579
791,7,0.3157894736842105
792,1,0.5296052631578947
793,2,0.47368421052631576
794,3,0.5493421052631579
795,4,0.40131578947368424
796,5,0.7368421052631579
797,6,0.3618421052631579
798,7,0.3684210526315789
799,1,0.4769736842105263
800,2,0.5460526315789473
801,3,0.5493421052631579
802,4,0.41118421052631576
803,5,0.7927631578947368
804,6,0.08223684210526316
805,7,0.21710526315789475
806,1,0.8947368421052632
807,2,0.3223684210526316
808,3,0.4868421052631579
809,4,0.4934210526315789
810,5,0.6842105263157895
811,6,0.40131578947368424
812,7,0.12828947368421054
813,1,0.375
814,2,0.3815789473684211
815,3,0.23684210526315788
816,4,0.48026315789473684
817,5,0.8486842105263158
818,6,0.4375
819,7,0.3980263157894737
820,1,0.9210526315789473
821,2,0.5164473684210527
822,3,0.8026315789473685
823,4,0.6052631578947368
824,5,0.6085526315789473
825,6,0.24013157894736842
826,7,0.6578947368421053
827,1,0.6776315789473685
828,2,0.4868421052631579
829,3,0.5625
830,4,0.5657894736842105
831,5,0.5789473684210527
832,6,0.6875
833,7,0.375
834,1,0.5822368421052632
835,2,0.7335526315789473
836,3,0.4868421052631579
837,4,1.0
838,5,0.8223684210526315
839,6,0.7631578947368421
840,7,0.7532894736842105
841,1,0.48026315789473684
842,2,0.7730263157894737
843,3,0.6480263157894737
844,4,0.5855263157894737
845,5,0.7401315789473685
846,6,0.6381578947368421
847,7,0.7302631578947368
848,1,0.4967105263157895
849,2,0.7171052631578947
850,3,0.5855263157894737
851,4,0.7631578947368421
852,5,0.8026315789473685
853,6,0.7763157894736842
854,7,0.6414473684210527
855,1,0.506578947368421
856,2,0.6973684210526315
857,3,0.6414473684210527
858,4,0.7467105263157895
859,5,0.6151315789473685
860,6,0.75
861,7,0.6743421052631579
862,1,0.6447368421052632
863,2,0.5953947368421053
864,3,0.3815789473684211
865,4,0.6085526315789473
866,5,0.6151315789473685
867,7,0.6217105263157895
868,1,0.8980263157894737
869,2,0.6743421052631579
870,3,0.881578947368421
871,4,0.625
872,5,0.5493421052631579
873,6,0.5526315789473685
874,7,0.7631578947368421
875,1,0.618421052631579
876,2,0.5855263157894737
877,3,0.32894736842105265
878,4,0.7532894736842105
879,5,0.680921052631579
880,6,0.9802631578947368
881,7,0.7269736842105263
882,1,0.8421052631578947
883,2,0.6611842105263158
884,3,0.5855263157894737
885,4,0.5592105263157895
886,5,0.5493421052631579
887,6,0.5394736842105263
888,7,0.8256578947368421
889,1,0.6282894736842105
890,2,0.8519736842105263
891,3,0.5296052631578947
892,4,0.6546052631578947
893,5,0.8552631578947368
894,6,0.6875
895,7,0.7467105263157895
896,1,0.6677631578947368
897,3,0.6019736842105263
898,4,0.8486842105263158
899,7,0.9013157894736842
900,1,0.5986842105263158
901,2,0.5822368421052632
902,3,0.5855263157894737
903,4,0.6546052631578947
904,5,0.5723684210526315
905,6,0.7302631578947368
906,7,0.45723684210526316
907,1,0.7368421052631579
908,2,0.6710526315789473
909,3,0.6710526315789473
910,4,0.5822368421052632
911,5,0.881578947368421
912,6,0.9901315789473685
913,7,0.6085526315789473
914,1,0.5361842105263158
915,2,0.6217105263157895
916,3,0.5131578947368421
917,4,0.6907894736842105
918,5,0.5953947368421053
919,6,0.618421052631579
920,7,0.5427631578947368
921,1,0.3190789473684211
922,2,0.4375
923,3,0.6480263157894737
924,4,0.4769736842105263
925,6,0.5953947368421053
926,7,0.5460526315789473
927,1,0.41118421052631576
928,2,0.375
929,3,0.1875
930,4,0.4506578947368421
931,5,0.3651315789473684
932,6,0.4769736842105263
933,7,0.4868421052631579
934,1,0.32894736842105265
935,2,0.4440789473684211
936,3,0.3782894736842105
937,4,0.47039473684210525
938,5,0.7138157894736842
939,6,0.7730263157894737
940,7,0.7269736842105263
941,1,0.5953947368421053
942,2,0.3848684210526316
943,3,0.7763157894736842
944,4,0.7105263157894737
945,5,0.680921052631579
946,6,0.7861842105263158
947,7,0.7236842105263158
948,1,0.7598684210526315
949,2,0.5197368421052632
950,3,0.4440789473684211
951,4,0.4144736842105263
952,5,0.7203947368421053
953,6,0.5098684210526315
954,7,0.8585526315789473
955,1,0.5296052631578947
956,2,0.48355263157894735
957,3,0.4967105263157895
958,4,0.5131578947368421
959,5,0.5164473684210527
960,6,0.3980263157894737
961,7,0.41776315789473684
962,1,0.5098684210526315
963,2,0.3684210526315789
964,3,0.08552631578947369
965,4,0.5723684210526315
966,5,0.5855263157894737
967,6,0.18421052631578946
968,7,0.15789473684210525
969,1,0.5657894736842105
970,2,0.42105263157894735
971,3,0.6019736842105263
972,4,0.6019736842105263
973,5,0.8486842105263158
974,6,0.7335526315789473
975,7,0.4868421052631579
976,1,0.4901315789473684
977,2,0.3223684210526316
978,3,0.40460526315789475
979,4,0.5394736842105263
980,5,0.75
981,6,0.4144736842105263
982,7,0.34539473684210525
983,1,0.3848684210526316
984,2,0.5493421052631579
985,3,0.7697368421052632
986,4,0.4309210526315789
987,5,0.6513157894736842
988,6,0.5427631578947368
989,7,0.5986842105263158
990,1,0.4144736842105263
991,2,0.28618421052631576
992,3,0.5493421052631579
993,4,0.2138157894736842
994,5,0.28618421052631576
995,6,0.3190789473684211
996,7,0.24671052631578946
997,1,0.41776315789473684
998,2,0.35855263157894735
999,3,0.3881578947368421
1000,4,0.5723684210526315
1001,5,0.4934210526315789
1002,6,0.3519736842105263
1003,7,0.3256578947368421
1004,1,0.5625
1005,2,0.26973684210526316
1006,3,0.2138157894736842
1007,5,0.3026315789473684
1008,6,0.40460526315789475
1009,7,0.24671052631578946
1010,1,0.6019736842105263
1011,2,0.631578947368421
1012,3,0.5921052631578947
1013,4,0.5263157894736842
1014,6,0.5493421052631579
1015,7,0.27960526315789475
1016,1,0.7171052631578947
1017,2,0.3980263157894737
1018,3,0.39473684210526316
1019,4,0.1118421052631579
1020,5,0.4769736842105263
1021,6,0.2236842105263158
1022,7,0.24013157894736842
1023,1,0.4901315789473684
1024,2,0.3059210526315789
1025,3,0.35855263157894735
1026,4,0.41776315789473684
1027,5,0.5822368421052632
1028,6,0.5953947368421053
1029,7,0.45394736842105265
1030,1,0.4473684210526316
1031,2,0.569078947368421
1032,3,0.3717105263157895
1033,4,0.5131578947368421
1034,5,0.6348684210526315
1035,6,0.40460526315789475
1036,4,0.03289473684210526
1037,6,0.09868421052631579
1038,2,0.0
1039,3,0.04
1040,4,0.11428571428571428
1041,5,0.2914285714285714
1042,6,0.06857142857142857
1043,1,0.16857142857142857
1044,2,0.2571428571428571
1045,3,0.4514285714285714
1046,4,0.39714285714285713
1047,5,0.4142857142857143
1048,6,0.15714285714285714
1049,7,0.005714285714285714
1050,2,0.14857142857142858
1051,3,0.24857142857142858
1052,4,0.18285714285714286
1053,5,0.42
1054,6,0.4828571428571429
1055,7,0.44571428571428573
1056,1,0.46285714285714286
1057,2,0.44857142857142857
1058,3,0.1457142857142857
1059,4,0.2257142857142857
1060,5,0.5742857142857143
1061,6,0.5485714285714286
1062,7,0.31142857142857144
1063,1,0.2571428571428571
1064,2,0.21428571428571427
1065,3,0.41714285714285715
1066,4,0.5114285714285715
1067,5,0.32
1068,6,0.19428571428571428
1069,2,0.07428571428571429
1070,1,0.02857142857142857
1071,2,0.24
1072,3,0.28285714285714286
1073,4,0.38857142857142857
1074,5,0.2914285714285714
1075,6,0.12285714285714286
1076,7,0.07142857142857142
1077,1,0.17714285714285713
1078,2,0.23714285714285716
1079,3,0.22285714285714286
1080,4,0.32857142857142857
1081,5,0.31142857142857144
1082,6,0.34
1083,7,0.2714285714285714
1084,1,0.18
1085,2,0.36857142857142855
1086,3,0.24
1087,4,0.7742857142857142
1088,5,0.37142857142857144
1089,6,0.2914285714285714
1090,7,0.24857142857142858
1091,1,0.29428571428571426
1092,2,0.26
1093,3,0.26857142857142857
1094,4,0.28
1095,5,0.5228571428571429
1096,6,0.3485714285714286
1097,7,0.16285714285714287
1098,1,0.2857142857142857
1099,2,0.22
1100,3,0.29428571428571426
1101,4,0.36857142857142855
1102,5,0.40285714285714286
1103,6,0.6142857142857143
1104,7,0.3657142857142857
1105,1,0.28
1106,2,0.42857142857142855
1107,3,0.3628571428571429
1108,4,0.31142857142857144
1109,5,0.5428571428571428
1110,6,0.24857142857142858
1111,7,0.32857142857142857
1112,1,0.38571428571428573
1113,2,0.32285714285714284
1114,3,0.3628571428571429
1115,4,0.19142857142857142
1116,5,0.4057142857142857
1117,6,0.3657142857142857
1118,7,0.49714285714285716
1119,1,0.32
1120,2,0.12285714285714286
1121,3,0.39714285714285713
1122,4,0.3142857142857143
1123,5,0.38
1124,6,0.20857142857142857
1125,7,0.16
1126,1,0.28285714285714286
1127,2,0.4342857142857143
1128,3,0.5914285714285714
1129,4,0.54
1130,5,0.6257142857142857
1131,6,0.3628571428571429
1132,7,0.11714285714285715
1133,1,0.48857142857142855
1134,2,0.3914285714285714
1135,3,0.18571428571428572
1136,4,0.46285714285714286
1137,5,0.6885714285714286
1138,6,0.32857142857142857
1139,7,0.38857142857142857
1140,1,0.44
1141,2,0.43142857142857144
1142,3,0.5371428571428571
1143,4,0.48857142857142855
1144,5,0.6028571428571429
1145,6,0.3342857142857143
1146,7,0.4657142857142857
1147,1,0.6542857142857142
1148,3,0.6485714285714286
1149,4,0.5142857142857142
1150,5,0.72
1151,6,0.8314285714285714
1152,7,0.44
1153,1,0.6942857142857143
1154,2,0.6942857142857143
1155,3,0.6571428571428571
1156,4,0.62
1157,5,0.47714285714285715
1158,6,0.3914285714285714
1159,7,0.3657142857142857
1160,1,0.6457142857142857
1161,2,0.5171428571428571
1162,3,0.5628571428571428
1163,4,0.6685714285714286
1164,5,0.68
1165,6,0.5628571428571428
1166,7,0.5771428571428572
1167,1,0.4342857142857143
1168,2,0.6714285714285714
1169,3,0.6257142857142857
1170,4,0.7371428571428571
1171,5,0.6942857142857143
1172,6,0.8371428571428572
1173,7,0.9142857142857143
1174,1,0.9314285714285714
1175,2,0.8942857142857142
1176,3,0.8142857142857143
1177,4,0.8
1178,6,0.7371428571428571
1179,7,0.78
1180,1,0.6514285714285715
1181,2,0.5428571428571428
1182,3,0.7228571428571429
1183,4,0.5857142857142857
1184,5,0.6057142857142858
1185,6,0.7257142857142858
1186,7,0.4828571428571429
1187,1,0.5342857142857143
1188,2,0.6628571428571428
1189,3,0.54
1190,4,0.56
1191,5,0.8028571428571428
1192,6,0.7542857142857143
1193,7,0.76
1194,1,0.8142857142857143
1195,2,0.6657142857142857
1196,3,0.9457142857142857
1197,4,0.3
1198,5,0.46
1199,6,0.7914285714285715
1200,7,0.88
1201,1,0.8342857142857143
1202,2,0.6657142857142857
1203,3,0.76
1204,4,0.7428571428571429
1205,5,0.6228571428571429
1206,6,0.8714285714285714
1207,1,0.8514285714285714
1208,2,0.7542857142857143
1209,3,0.7628571428571429
1210,4,0.8
1211,5,0.94
1212,6,0.7685714285714286
1213,7,0.7514285714285714
1214,1,0.6857142857142857
1215,2,0.7085714285714285
1216,3,0.5
1217,4,0.6742857142857143
1218,5,0.7342857142857143
1219,6,0.6457142857142857
1220,7,0.7142857142857143
1221,1,0.64
1222,2,0.5228571428571429
1223,3,0.7942857142857143
1224,4,0.6171428571428571
1225,5,0.7457142857142857
1226,6,0.68
1227,7,0.6657142857142857
1228,1,0.8142857142857143
1229,2,0.6742857142857143
1230,3,0.7057142857142857
1231,4,0.6828571428571428
1232,5,0.68
1233,6,0.7028571428571428
1234,7,0.6114285714285714
1235,1,0.6285714285714286
1236,2,0.7657142857142857
1237,4,0.8342857142857143
1238,5,0.94
1239,6,0.9771428571428571
1240,7,0.8514285714285714
1241,1,0.6885714285714286
1242,2,0.6371428571428571
1243,3,0.6571428571428571
1244,4,0.5914285714285714
1245,5,0.8457142857142858
1246,6,0.8514285714285714
1247,7,0.8028571428571428
1248,1,0.7485714285714286
1249,2,0.7628571428571429
1250,3,0.68
1251,4,0.7828571428571428
1252,5,0.7057142857142857
1253,6,1.0
1254,7,0.66
1255,1,0.5314285714285715
1256,2,0.45714285714285713
1257,3,0.8257142857142857
1258,4,0.4742857142857143
1259,5,0.6514285714285715
1260,6,0.7857142857142857
1261,7,0.6571428571428571
1262,1,0.7514285714285714
1263,2,0.6857142857142857
1264,3,0.54
1265,4,0.74
1266,5,0.7742857142857142
1267,7,0.7714285714285715
1268,1,0.6142857142857143
1269,2,0.7371428571428571
1270,3,0.44285714285714284
1271,4,0.5114285714285715
1272,5,0.48
1273,6,0.6514285714285715
1274,7,0.29428571428571426
1275,1,0.44
1276,2,0.37142857142857144
1277,3,0.4342857142857143
1278,4,0.35714285714285715
1279,5,0.8771428571428571
1280,6,0.7057142857142857
1281,7,0.7342857142857143
1282,1,0.64
1283,2,0.5
1284,3,0.5714285714285714
1285,4,0.7628571428571429
1286,5,0.7514285714285714
1287,6,0.6771428571428572
1288,7,0.4942857142857143
1289,1,0.6685714285714286
1290,2,0.54
1291,3,0.5457142857142857
1292,4,0.41714285714285715
1293,5,0.66
1294,6,0.4857142857142857
1295,7,0.5114285714285715
1296,2,0.44285714285714284
1297,3,0.32571428571428573
1298,4,0.38857142857142857
1299,5,0.26571428571428574
1300,6,0.4685714285714286
1301,7,0.44571428571428573
1302,1,0.5171428571428571
1303,2,0.5257142857142857
1304,3,0.46285714285714286
1305,4,0.3342857142857143
1306,5,0.4142857142857143
1307,6,0.52
1308,7,0.4
1309,1,0.4085714285714286
1310,2,0.3
1311,3,0.3657142857142857
1312,4,0.4657142857142857
1313,5,0.5828571428571429
1314,6,0.6971428571428572
1315,7,0.2342857142857143
1316,1,0.44
1317,2,0.49714285714285716
1318,3,0.6942857142857143
1319,4,0.4542857142857143
1320,5,0.7628571428571429
1321,6,0.6457142857142857
1322,7,0.44285714285714284
1323,1,0.46
1324,2,0.5857142857142857
1325,3,0.9228571428571428
1326,5,0.64
1327,6,0.6342857142857142
1328,7,0.3514285714285714
1329,1,0.4114285714285714
1330,2,0.5742857142857143
1331,3,0.3514285714285714
1332,4,0.32571428571428573
1333,5,0.44571428571428573
1334,6,0.2542857142857143
1335,7,0.24571428571428572
1336,1,0.35714285714285715
1337,2,0.13428571428571429
1338,3,0.22
1339,4,0.37142857142857144
1340,5,0.48857142857142855
1341,6,0.31142857142857144
1342,7,0.19428571428571428
1343,1,0.22
1344,2,0.3914285714285714
1345,3,0.5114285714285715
1346,5,0.54
1347,6,0.38571428571428573
1348,7,0.03428571428571429
1349,1,0.0
1350,2,0.21428571428571427
1351,3,0.43714285714285717
1352,4,0.32285714285714284
1353,5,0.54
1354,6,0.7342857142857143
1355,7,0.4257142857142857
1356,1,0.5971428571428572
1357,2,0.46285714285714286
1358,3,0.42857142857142855
1359,4,0.44857142857142857
1360,5,0.5285714285714286
1361,6,0.5057142857142857
1362,7,0.36857142857142855
1363,1,0.44571428571428573
1364,2,0.31142857142857144
1365,3,0.5628571428571428
1366,4,0.42857142857142855
1367,5,0.66
1368,6,0.52
1369,7,0.54
1370,1,0.42857142857142855
1371,2,0.44285714285714284
1372,3,0.5085714285714286
1373,4,0.6457142857142857
1374,5,0.6857142857142857
1375,6,0.5657142857142857
1376,7,0.21428571428571427
1377,1,0.13714285714285715
1378,3,0.19428571428571428
1379,4,0.18857142857142858
1380,5,0.4657142857142857
1381,6,0.38285714285714284
1382,7,0.31142857142857144
1383,1,0.24571428571428572
1384,3,0.3274336283185841
1385,4,0.6135693215339233
1386,5,0.6666666666666666
1387,6,0.7315634218289085
1388,7,0.35398230088495575
1389,1,0.3893805309734513
1390,2,0.4631268436578171
1391,3,0.25663716814159293
1392,4,0.41887905604719766
1393,5,0.7079646017699115
1394,6,0.3805309734513274
1395,7,0.0855457227138643
1396,1,0.2713864306784661
1397,2,0.45427728613569324
1398,3,0.46017699115044247
1399,4,0.3215339233038348
1400,5,0.36578171091445427
1401,1,0.038348082595870206
1402,2,0.24188790560471976
1403,3,0.3480825958702065
1404,4,0.18584070796460178
1405,5,0.12389380530973451
1406,5,0.6843657817109144
1407,6,0.5250737463126843
1408,7,0.15339233038348082
1409,1,0.5663716814159292
1410,2,0.3215339233038348
1411,3,0.2713864306784661
1412,4,0.37168141592920356
1413,5,0.2890855457227139
1414,6,0.6253687315634219
1415,7,0.27728613569321536
1416,1,0.24188790560471976
1417,2,0.35693215339233036
1418,3,0.2920353982300885
1419,4,0.584070796460177
1420,5,0.5811209439528023
1421,6,0.39233038348082594
1422,7,0.2182890855457227
1423,1,0.13569321533923304
1424,2,0.20353982300884957
1425,3,0.26843657817109146
1426,4,0.44837758112094395
1427,5,0.49557522123893805
1428,6,0.30383480825958703
1429,7,0.008849557522123894
1430,1,0.15634218289085547
1431,2,0.19174041297935104
1432,3,0.30973451327433627
1433,4,0.1504424778761062
1434,5,0.6312684365781711
1435,6,0.35693215339233036
1436,7,0.02359882005899705
1437,1,0.0
1438,3,0.25073746312684364
1439,4,0.19469026548672566
1440,5,0.5132743362831859
1441,6,0.2182890855457227
1442,7,0.20058997050147492
1443,1,0.46017699115044247
1444,2,0.24778761061946902
1445,3,0.4247787610619469
1446,4,0.3893805309734513
1447,5,0.5634218289085545
1448,6,0.6548672566371682
1449,7,0.20058997050147492
1450,1,0.31563421828908556
1451,2,0.2949852507374631
1452,3,0.43952802359882004
1453,4,0.4277286135693215
1454,5,0.48672566371681414
1455,6,0.4306784660766962
1456,7,0.30678466076696165
1457,1,0.28023598820059
1458,2,0.3775811209439528
1459,3,0.45427728613569324
1460,4,0.41002949852507375
1461,5,0.3864306784660767
1462,6,0.35103244837758113
1463,7,0.2743362831858407
1464,1,0.7374631268436578
1465,2,0.3333333333333333
1466,3,0.40117994100294985
1467,4,0.35103244837758113
1468,5,0.4749262536873156
1469,6,0.5870206489675516
1470,7,0.4690265486725664
1471,1,0.5899705014749262
1472,2,0.43952802359882004
1473,3,0.3392330383480826
1474,4,0.5958702064896755
1475,5,0.696165191740413
1476,6,0.6194690265486725
1477,1,0.5309734513274337
1478,2,0.4837758112094395
1479,3,0.4365781710914454
1480,4,0.24778761061946902
1481,5,0.31268436578171094
1482,6,0.5486725663716814
1483,7,0.29793510324483774
1484,1,0.5663716814159292
1485,2,0.5870206489675516
1486,3,0.46607669616519176
1487,4,0.6578171091445427
1488,5,0.6430678466076696
1489,6,0.25073746312684364
1490,7,0.18289085545722714
1491,1,0.5103244837758112
1492,2,0.5457227138643068
1493,3,0.8082595870206489
1494,4,0.45722713864306785
1495,5,0.7286135693215339
1496,6,0.45722713864306785
1497,7,0.6932153392330384
1498,1,0.7315634218289085
1499,2,0.46017699115044247
1500,3,0.6342182890855457
1501,4,0.5693215339233039
1502,5,0.7492625368731564
1503,6,0.44837758112094395
1504,7,0.25663716814159293
1505,1,0.7256637168141593
1506,2,0.5191740412979351
1507,3,0.6519174041297935
1508,4,0.5781710914454278
1509,5,0.6814159292035398
1510,6,0.6283185840707964
1511,7,0.6814159292035398
1512,1,0.7817109144542773
1513,2,0.5427728613569321
1514,3,0.6755162241887905
1515,4,0.672566371681416
1516,5,0.8938053097345132
1517,6,0.976401179941003
1518,7,0.8348082595870207
1519,1,0.5958702064896755
1520,2,0.5988200589970502
1521,3,0.5722713864306784
1522,4,0.5958702064896755
1523,5,0.8466076696165191
1524,7,0.5634218289085545
1525,1,0.4778761061946903
1526,2,0.672566371681416
1527,3,0.7286135693215339
1528,4,0.5811209439528023
1529,5,0.8230088495575221
1530,7,0.7699115044247787
1531,1,0.7522123893805309
1532,2,0.6902654867256637
1533,3,0.504424778761062
1534,4,0.4631268436578171
1535,5,0.7728613569321534
1536,6,0.8495575221238938
1537,7,0.5221238938053098
1538,1,0.6135693215339233
1539,2,0.5073746312684366
1540,3,0.7787610619469026
1541,4,0.5575221238938053
1542,5,0.6932153392330384
1543,6,0.8289085545722714
1544,7,0.7846607669616519
1545,1,0.7846607669616519
1546,2,0.7079646017699115
1547,3,0.7492625368731564
1548,4,0.6076696165191741
1549,5,0.8938053097345132
1550,6,0.943952802359882
1551,7,0.7699115044247787
1552,2,0.6637168141592921
1553,3,0.775811209439528
1554,4,0.7522123893805309
1555,6,0.8023598820058997
1556,7,0.6814159292035398
1557,1,0.855457227138643
1558,2,0.5870206489675516
1559,3,0.8643067846607669
1560,4,0.6519174041297935
1561,5,0.7197640117994101
1562,7,0.7256637168141593
1563,1,0.8200589970501475
1564,2,0.6224188790560472
1565,3,0.7640117994100295
1566,4,0.6371681415929203
1567,5,0.7610619469026548
1568,6,0.8348082595870207
1569,7,0.6784660766961652
1570,1,0.7256637168141593
1571,2,0.7197640117994101
1572,3,0.5929203539823009
1573,4,0.7551622418879056
1574,5,0.8023598820058997
1575,6,0.831858407079646
1576,7,0.8525073746312685
1577,1,0.799410029498525
1578,2,0.6873156342182891
1579,3,0.49852507374631266
1580,5,0.9941002949852508
1581,6,0.9587020648967551
1582,7,0.8790560471976401
1583,1,0.7817109144542773
1584,2,0.7079646017699115
1585,3,0.696165191740413
1586,4,0.8171091445427728
1587,5,0.7433628318584071
1588,6,0.7551622418879056
1589,7,0.7610619469026548
1590,1,0.48672566371681414
1591,2,0.6430678466076696
1592,3,0.7374631268436578
1593,4,0.7935103244837758
1594,5,0.6784660766961652
1595,6,0.7876106194690266
1596,7,0.6342182890855457
1597,1,0.7168141592920354
1598,2,0.5545722713864307
1599,3,0.5250737463126843
1600,4,0.6194690265486725
1601,5,0.6991150442477876
1602,6,0.8082595870206489
1603,7,0.6578171091445427
1604,1,0.5486725663716814
1605,2,0.5545722713864307
1606,3,0.616519174041298
1607,4,0.6755162241887905
1608,5,0.6578171091445427
1609,6,0.6814159292035398
1610,1,0.6873156342182891
1611,2,0.40117994100294985
1612,3,0.41002949852507375
1613,4,0.31268436578171094
1614,5,0.6755162241887905
1615,6,0.5693215339233039
1616,7,0.5191740412979351
1617,1,0.6902654867256637
1618,2,0.5191740412979351
1619,3,0.6106194690265486
1620,4,0.7109144542772862
1621,5,0.8053097345132744
1622,6,0.6489675516224189
1623,7,0.7109144542772862
1624,1,0.7728613569321534
1625,2,0.7020648967551623
1626,3,0.6283185840707964
1627,4,0.7227138643067846
1628,5,0.8023598820058997
1629,6,0.6283185840707964
1630,7,0.3303834808259587
1631,1,0.6548672566371682
1632,2,0.6283185840707964
1633,3,0.49852507374631266
1634,4,0.48672566371681414
1635,5,0.36578171091445427
1636,6,0.46017699115044247
1637,7,0.49852507374631266
1638,1,0.616519174041298
1639,2,1.0
1640,3,0.5486725663716814
1641,4,0.5486725663716814
1642,5,0.5073746312684366
1643,6,0.528023598820059
1644,7,0.37168141592920356
1645,1,0.5958702064896755
1646,2,0.49557522123893805
1647,3,0.56047197640118
1648,4,0.30678466076696165
1649,5,0.5457227138643068
1650,6,0.5545722713864307
1651,7,0.45132743362831856
1652,1,0.41887905604719766
1653,2,0.5899705014749262
1654,3,0.5811209439528023
1655,4,0.3893805309734513
1656,5,0.471976401179941
1657,6,0.5132743362831859
1658,7,0.5191740412979351
1659,1,0.49557522123893805
1660,2,0.3421828908554572
1661,3,0.46017699115044247
1662,4,0.5073746312684366
1663,5,0.6106194690265486
1664,6,0.04424778761061947
1665,7,0.46607669616519176
1666,1,0.3421828908554572
1667,2,0.26843657817109146
1668,3,0.10029498525073746
1669,4,0.13274336283185842
1670,5,0.9292035398230089
1671,6,0.35398230088495575
1672,7,0.5221238938053098
1673,1,0.3775811209439528
1674,2,0.2713864306784661
1675,3,0.34513274336283184
1676,4,0.35398230088495575
1677,5,0.40117994100294985
1678,6,0.4896755162241888
1679,7,0.3185840707964602
1680,2,0.008849557522123894
1681,3,0.10029498525073746
1682,4,0.10029498525073746
1683,5,0.6312684365781711
1684,6,0.35398230088495575
1685,7,0.46607669616519176
1686,1,0.41002949852507375
1687,2,0.4218289085545723
1688,3,0.5486725663716814
1689,4,0.3480825958702065
1690,5,0.5398230088495575
1691,6,0.46607669616519176
1692,7,0.45722713864306785
1693,1,0.4424778761061947
1694,2,0.3952802359882006
1695,3,0.2743362831858407
1696,5,0.30973451327433627
1697,6,0.35103244837758113
1698,7,0.5368731563421829
1699,1,0.48672566371681414
1700,2,0.4306784660766962
1701,3,0.5958702064896755
1702,4,0.46017699115044247
1703,5,0.5663716814159292
1704,6,0.46017699115044247
1705,7,0.3746312684365782
1706,1,0.4749262536873156
1707,2,0.3864306784660767
1708,3,0.18289085545722714
1709,4,0.3303834808259587
1710,5,0.5545722713864307
1711,6,0.40412979351032446
1712,7,0.3303834808259587
1713,1,0.2359882005899705
1714,2,0.37168141592920356
1715,3,0.3215339233038348
1716,4,0.41002949852507375
1717,5,0.5368731563421829
1718,6,0.5988200589970502
1719,7,0.40412979351032446
1720,1,0.4336283185840708
1721,2,0.2359882005899705
1722,4,0.19469026548672566
1723,5,0.4424778761061947
1724,6,0.28023598820059
1725,7,0.4277286135693215
1726,1,0.21238938053097345
1727,2,0.014749262536873156
