date,mo,temp,dewp,slp,stp,visib,wdsp,mxpsd,gust,max,min,prcp,sndp,fog,rain_drizzle,snow_ice_pellets,hail,thunder,tornado_funnel_cloud
2015-01-01,01,20.766666666666666,6.866666666666667,1019.95,995.3666666666667,10.0,14.033333333333333,18.1,25.7,31.46666666666667,5.133333333333334,0.0,0.0,0.0,0.0,0.0,0.0,0.0,0.0
2015-01-02,01,26.599999999999998,16.866666666666664,1023.9,999.6,10.0,4.833333333333333,14.333333333333334,18.066666666666666,34.766666666666666,15.266666666666666,0.0,0.0,0.0,0.0,0.0,0.0,0.0,0.0
2015-01-03,01,32.6,28.166666666666668,1017.6,993.1999999999999,5.133333333333334,4.266666666666667,7.966666666666666,,35.36666666666667,16.8,0.06333333333333334,0.0,0.0,1.0,1.0,0.0,0.0,0.0
2015-01-04,01,30.266666666666666,27.900000000000002,1012.95,988.5333333333333,2.733333333333333,8.4,18.366666666666667,25.3,35.36666666666667,15.033333333333333,0.49333333333333335,2.0,1.0,1.0,1.0,0.0,0.0,0.0
2015-01-05,01,3.733333333333333,-5.6000000000000005,1035.6,1010.4,10.0,11.133333333333333,16.333333333333332,23.733333333333334,14.066666666666668,-2.1666666666666665,0.023333333333333334,1.6,0.0,0.0,0.0,0.0,0.0,0.0
2015-01-06,01,7.633333333333333,1.1666666666666667,1029.15,1004.1999999999999,7.033333333333334,7.966666666666666,18.0,25.066666666666666,11.1,-2.9,0.10333333333333333,2.55,0.0,0.0,1.0,0.0,0.0,0.0
2015-01-07,01,4.6000000000000005,-6.666666666666667,1034.9499999999998,1009.1666666666666,9.933333333333334,14.766666666666666,20.366666666666667,27.3,11.1,-1.633333333333333,0.0033333333333333335,2.55,0.0,0.0,1.0,0.0,0.0,0.0
2015-01-08,01,-1.1666666666666667,-8.933333333333334,1034.3,1006.2333333333332,8.299999999999999,12.933333333333332,23.333333333333332,32.4,12.366666666666667,-7.733333333333333,0.0,3.5,0.0,0.0,1.0,0.0,0.0,0.0
2015-01-09,01,9.466666666666667,0.6666666666666666,1022.0,996.3000000000001,7.1000000000000005,15.466666666666667,23.733333333333334,34.0,18.966666666666665,-7.733333333333333,0.055,3.5,0.0,0.0,1.0,0.0,0.0,0.0
2015-01-10,01,5.833333333333333,-2.8000000000000003,1031.1,1006.0,10.0,10.700000000000001,16.933333333333334,21.666666666666668,19.8,-2.9,0.0,2.95,0.0,0.0,0.0,0.0,0.0,0.0
2015-01-11,01,26.366666666666664,15.899999999999999,1025.75,1001.4333333333334,9.366666666666667,9.766666666666667,15.366666666666667,21.0,32.53333333333333,20.266666666666666,0.0,3.5,0.0,0.0,1.0,0.0,0.0,0.0
2015-01-12,01,25.133333333333336,19.433333333333334,1032.0500000000002,1004.5,6.766666666666667,8.433333333333332,16.733333333333334,24.6,32.53333333333333,18.599999999999998,0.16999999999999998,4.9,0.0,0.0,1.0,0.0,0.0,0.0
2015-01-13,01,17.7,9.700000000000001,1039.6,1014.5333333333333,8.633333333333333,8.133333333333333,14.333333333333334,19.033333333333335,29.03333333333333,12.933333333333332,0.015,4.5,0.0,0.0,1.0,0.0,0.0,0.0
2015-01-14,01,9.5,4.133333333333333,1030.45,1005.8000000000001,9.533333333333333,3.966666666666667,8.6,,21.733333333333334,-0.7666666666666669,0.0,4.1,0.0,0.0,0.0,0.0,0.0,0.0
2015-01-15,01,21.266666666666666,14.566666666666668,1020.45,996.4666666666667,9.866666666666667,8.4,14.700000000000001,17.966666666666665,33.56666666666667,4.566666666666666,0.0,4.1,0.0,0.0,0.0,0.0,0.0,0.0
2015-01-16,01,27.933333333333334,22.666666666666668,1020.0,995.9666666666667,8.866666666666667,5.766666666666667,11.0,17.1,34.833333333333336,15.333333333333334,0.0,3.5,0.0,0.0,0.0,0.0,0.0,0.0
2015-01-17,01,34.86666666666667,27.76666666666667,1010.45,987.3333333333334,8.9,12.233333333333334,20.666666666666668,29.03333333333333,42.333333333333336,20.53333333333333,0.0,1.2,0.0,0.0,0.0,0.0,0.0,0.0
2015-01-18,01,37.43333333333333,30.46666666666667,1008.0999999999999,984.4,9.966666666666667,11.033333333333333,15.266666666666666,21.333333333333332,42.333333333333336,27.866666666666664,0.0,1.2,0.0,0.0,0.0,0.0,0.0,0.0
2015-01-19,01,32.03333333333333,27.566666666666666,1015.85,992.1,9.1,3.5,7.966666666666666,,41.666666666666664,24.53333333333333,0.0,0.0,0.0,0.0,0.0,0.0,0.0,0.0
2015-01-20,01,35.0,31.333333333333332,1012.75,989.1,7.2,4.1000000000000005,9.966666666666667,,41.9,24.53333333333333,0.0,0.0,0.0,1.0,1.0,0.0,0.0,0.0
2015-01-21,01,32.63333333333333,29.666666666666668,1017.45,993.2333333333332,6.233333333333333,6.366666666666667,11.0,,39.199999999999996,30.666666666666668,0.005,0.0,0.0,1.0,1.0,0.0,0.0,0.0
2015-01-22,01,31.03333333333333,23.766666666666666,1028.65,1004.0,9.9,4.333333333333333,7.966666666666666,,34.300000000000004,28.933333333333334,0.0033333333333333335,0.0,0.0,0.0,0.0,0.0,0.0,0.0
2015-01-23,01,30.766666666666666,24.099999999999998,1024.4,1000.8666666666667,9.299999999999999,9.533333333333333,14.0,18.05,32.666666666666664,28.933333333333334,0.0,0.0,0.0,0.0,0.0,0.0,0.0,0.0
2015-01-24,01,33.6,27.133333333333336,1008.4000000000001,984.7666666666668,9.633333333333333,8.0,13.666666666666666,17.033333333333335,43.76666666666667,28.8,0.0,0.0,0.0,0.0,0.0,0.0,0.0,0.0
2015-01-25,01,32.56666666666667,29.566666666666666,1007.9,983.8666666666667,5.8,9.566666666666668,19.333333333333332,26.366666666666664,41.1,27.03333333333333,0.006666666666666667,1.2,0.0,1.0,1.0,0.0,0.0,0.0
2015-01-26,01,24.099999999999998,17.133333333333336,1015.1,990.9666666666667,9.266666666666666,6.666666666666667,14.666666666666666,21.0,35.53333333333333,16.933333333333334,0.07,1.2,0.0,0.0,1.0,0.0,0.0,0.0
2015-01-27,01,27.833333333333332,22.0,1019.2,993.9666666666667,6.733333333333333,5.266666666666667,9.333333333333334,,32.06666666666667,16.933333333333334,0.05500000000000001,1.2,0.0,1.0,1.0,0.0,0.0,0.0
2015-01-28,01,26.2,17.866666666666667,1024.4,1000.3333333333334,10.0,6.166666666666667,15.666666666666666,21.366666666666664,34.300000000000004,19.933333333333334,0.0,1.2,0.0,0.0,0.0,0.0,0.0,0.0
2015-01-29,01,34.43333333333333,25.7,1012.45,988.5333333333333,9.3,11.9,18.400000000000002,25.066666666666666,36.86666666666667,19.933333333333334,0.02,1.2,0.0,1.0,1.0,0.0,0.0,0.0
2015-01-30,01,28.666666666666668,13.833333333333334,1030.4,1005.7666666666668,9.9,8.6,16.633333333333336,24.599999999999998,36.86666666666667,21.666666666666668,0.005,1.2,0.0,0.0,1.0,0.0,0.0,0.0
2015-01-31,01,28.366666666666664,19.8,1026.25,1002.3666666666667,10.0,5.833333333333333,12.4,14.0,37.833333333333336,19.7,0.0,1.2,0.0,0.0,0.0,0.0,0.0,0.0
2015-02-01,02,30.8,28.766666666666666,1016.45,990.9666666666667,1.5999999999999999,8.4,18.333333333333332,27.0,37.833333333333336,20.033333333333335,0.24666666666666667,13.0,1.0,1.0,1.0,0.0,0.0,0.0
2015-02-02,02,16.96666666666667,11.200000000000001,1019.65,993.1666666666666,5.066666666666666,12.366666666666667,19.7,27.96666666666667,32.06666666666667,8.6,0.36999999999999994,16.9,1.0,0.0,1.0,0.0,0.0,0.0
2015-02-03,02,14.333333333333334,8.533333333333333,1023.0,998.0,9.200000000000001,6.8,11.4,,25.53333333333333,3.0666666666666664,0.016666666666666666,16.9,1.0,0.0,1.0,0.0,0.0,0.0
2015-02-04,02,24.0,19.599999999999998,1019.65,994.9,5.333333333333333,5.933333333333334,12.700000000000001,20.0,29.5,9.5,0.07,16.1,0.0,0.0,1.0,0.0,0.0,0.0
2015-02-05,02,9.433333333333334,-0.9,1031.35,1006.2666666666668,10.0,6.6000000000000005,11.733333333333334,18.1,29.133333333333336,0.033333333333333326,0.006666666666666667,14.6,0.0,0.0,0.0,0.0,0.0,0.0
2015-02-06,02,17.8,9.0,1023.75,999.4,9.933333333333334,8.833333333333334,14.633333333333333,19.7,31.266666666666666,0.033333333333333326,0.0,14.2,0.0,0.0,0.0,0.0,0.0,0.0
2015-02-07,02,30.600000000000005,25.400000000000002,1012.4000000000001,988.8000000000001,9.266666666666666,6.866666666666667,12.700000000000001,21.0,41.36666666666667,12.666666666666666,0.0,10.4,0.0,0.0,0.0,0.0,0.0,0.0
2015-02-08,02,37.06666666666667,33.9,1004.8,981.6666666666666,6.466666666666666,6.966666666666666,15.733333333333334,21.55,42.166666666666664,20.733333333333334,0.0,6.5,0.0,1.0,0.0,0.0,0.0,0.0
2015-02-09,02,27.833333333333332,24.0,1019.45,994.8000000000001,7.666666666666667,12.133333333333333,15.6,21.96666666666667,40.46666666666667,25.599999999999998,0.005,5.5,0.0,1.0,1.0,0.0,0.0,0.0
2015-02-10,02,26.866666666666664,18.233333333333334,1024.2,1000.1,9.866666666666667,6.3,10.933333333333332,17.1,32.13333333333333,21.099999999999998,0.0,4.9,0.0,0.0,0.0,0.0,0.0,0.0
2015-02-11,02,31.2,23.900000000000002,1017.5999999999999,993.5666666666666,8.9,9.433333333333332,16.0,22.366666666666664,36.5,21.099999999999998,0.0,4.5,0.0,0.0,0.0,0.0,0.0,0.0
2015-02-12,02,17.599999999999998,5.2,1026.65,1001.6,9.533333333333333,13.266666666666666,19.7,27.666666666666668,36.5,10.033333333333333,0.0,4.1,0.0,0.0,1.0,0.0,0.0,0.0
2015-02-13,02,12.1,2.733333333333333,1027.35,1002.7333333333332,10.0,7.7,15.666666666666666,21.0,23.599999999999998,3.733333333333333,0.0,4.1,0.0,0.0,1.0,0.0,0.0,0.0
2015-02-14,02,20.333333333333332,9.299999999999999,1017.6500000000001,992.1333333333333,8.9,14.9,26.3,37.699999999999996,28.233333333333334,3.733333333333333,0.0,4.1,0.0,0.0,1.0,0.0,0.0,0.0
2015-02-15,02,5.833333333333333,-5.533333333333334,1034.4499999999998,1009.0666666666666,8.166666666666666,9.1,15.9,22.05,22.866666666666664,-0.9333333333333332,0.0,4.1,0.0,0.0,1.0,0.0,0.0,0.0
2015-02-16,02,11.166666666666666,-4.133333333333334,1026.4,1001.8333333333334,9.9,4.066666666666666,8.299999999999999,,17.3,-0.9666666666666667,0.01,4.1,0.0,0.0,1.0,0.0,0.0,0.0
2015-02-17,02,16.53333333333333,6.733333333333333,1015.75,991.2333333333332,8.766666666666666,8.5,14.966666666666667,20.0,20.933333333333334,5.966666666666666,0.0,4.1,0.0,0.0,1.0,0.0,0.0,0.0
2015-02-18,02,8.733333333333334,-2.3333333333333335,1015.2,990.6999999999999,9.633333333333333,12.0,18.066666666666666,24.666666666666668,20.933333333333334,3.3666666666666667,0.0,4.1,0.0,0.0,1.0,0.0,0.0,0.0
2015-02-19,02,-0.10000000000000002,-14.4,1028.5,1002.4333333333334,9.633333333333333,10.866666666666667,16.0,21.933333333333334,10.033333333333333,-6.366666666666667,0.0,4.1,0.0,0.0,1.0,0.0,0.0,0.0
2015-02-20,02,4.2,-6.033333333333334,1026.8,1001.6333333333333,9.233333333333334,8.766666666666667,18.733333333333334,24.366666666666664,18.333333333333332,-7.266666666666666,0.0,4.1,0.0,0.0,1.0,0.0,0.0,0.0
2015-02-21,02,22.0,12.966666666666667,1015.5,991.2333333333332,9.200000000000001,5.833333333333333,16.633333333333333,21.3,31.03333333333333,16.7,0.0033333333333333335,4.1,0.0,0.0,0.0,0.0,0.0,0.0
2015-02-22,02,23.599999999999998,12.666666666666666,1027.95,1002.0333333333333,8.9,7.7,13.666666666666666,17.5,31.76666666666667,13.333333333333334,0.0,4.1,0.0,0.0,0.0,0.0,0.0,0.0
2015-02-23,02,6.6000000000000005,-9.166666666666666,1039.4,1013.9666666666667,10.0,8.6,13.700000000000001,18.0,23.099999999999998,-1.4666666666666668,0.0,4.1,0.0,0.0,0.0,0.0,0.0,0.0
2015-02-24,02,11.733333333333334,0.6333333333333334,1018.65,994.0333333333333,9.9,12.333333333333334,20.0,27.633333333333336,29.166666666666668,-1.4666666666666668,0.0,4.1,0.0,0.0,1.0,0.0,0.0,0.0
2015-02-25,02,22.8,9.700000000000001,1013.5,989.3333333333334,9.200000000000001,7.066666666666666,13.666666666666666,19.066666666666666,29.766666666666666,4.033333333333333,0.005,4.1,0.0,0.0,1.0,0.0,0.0,0.0
2015-02-26,02,18.533333333333335,12.133333333333333,1023.45,996.8000000000001,3.1333333333333333,9.966666666666667,16.400000000000002,20.333333333333332,27.133333333333336,11.9,0.12666666666666668,8.45,1.0,0.0,1.0,0.0,0.0,0.0
2015-02-27,02,7.766666666666667,-4.566666666666666,1034.9,1008.4333333333334,10.0,6.766666666666667,11.0,,20.333333333333332,-4.3999999999999995,0.01,7.5,0.0,0.0,0.0,0.0,0.0,0.0
2015-02-28,02,6.633333333333333,-3.933333333333333,1040.1999999999998,1014.15,9.966666666666667,3.6333333333333333,7.633333333333333,,21.866666666666664,-7.466666666666666,0.0,6.9,0.0,0.0,0.0,0.0,0.0,0.0
2015-03-01,03,20.2,14.799999999999999,1030.5,1006.0333333333333,6.533333333333334,4.433333333333334,12.0,,26.2,14.799999999999999,0.02,6.9,0.0,0.0,1.0,0.0,0.0,0.0
2015-03-02,03,21.266666666666666,11.333333333333334,1031.4,1006.6999999999999,9.866666666666667,6.133333333333333,11.4,,32.733333333333334,9.266666666666667,0.01,6.5,0.0,0.0,0.0,0.0,0.0,0.0
2015-03-03,03,29.233333333333334,22.733333333333334,1018.5,992.4333333333334,6.533333333333334,10.5,16.733333333333334,24.03333333333333,35.4,18.133333333333333,0.05000000000000001,5.9,0.0,1.0,1.0,0.0,0.0,0.0
2015-03-04,03,26.100000000000005,15.933333333333332,1017.25,992.4,10.0,10.066666666666668,14.700000000000001,22.333333333333332,35.4,18.966666666666665,0.03333333333333333,5.5,0.0,0.0,0.0,0.0,0.0,0.0
2015-03-05,03,14.066666666666668,-2.433333333333333,1031.0500000000002,1005.9,10.0,8.366666666666667,12.033333333333333,15.299999999999999,32.0,7.233333333333333,0.0,5.5,0.0,0.0,0.0,0.0,0.0,0.0
2015-03-06,03,12.233333333333334,2.2333333333333334,1031.65,1007.0333333333333,10.0,9.833333333333334,18.733333333333334,25.7,26.400000000000002,0.6333333333333332,0.0,5.5,0.0,0.0,0.0,0.0,0.0,0.0
2015-03-07,03,32.300000000000004,22.900000000000002,1019.4,995.5333333333333,9.766666666666667,10.433333333333334,16.633333333333333,21.7,44.23333333333333,23.599999999999998,0.0,3.55,0.0,0.0,0.0,0.0,0.0,0.0
2015-03-08,03,35.36666666666667,27.8,1021.6,997.8666666666667,10.0,6.333333333333333,10.666666666666666,,44.6,24.400000000000002,0.0,2.55,0.0,0.0,1.0,0.0,0.0,0.0
2015-03-09,03,36.9,26.933333333333334,1021.55,997.8666666666667,9.200000000000001,3.6666666666666665,7.3,,50.36666666666667,24.433333333333334,0.0,1.6,0.0,0.0,0.0,0.0,0.0,0.0
2015-03-10,03,41.5,36.96666666666667,1017.3,994.1999999999999,4.366666666666666,5.3999999999999995,10.266666666666667,15.9,51.833333333333336,24.433333333333334,0.0,3.9,1.0,0.0,0.0,0.0,0.0,0.0
2015-03-11,03,41.833333333333336,33.800000000000004,1022.4,998.1999999999999,5.3999999999999995,5.966666666666666,11.700000000000001,14.0,51.833333333333336,32.0,0.01,0.0,1.0,0.0,0.0,0.0,0.0,0.0
2015-03-12,03,41.73333333333333,27.066666666666666,1031.35,1007.5666666666666,9.5,5.3999999999999995,15.366666666666667,21.5,56.1,28.566666666666666,0.0,0.0,0.0,0.0,0.0,0.0,0.0,0.0
2015-03-13,03,47.73333333333333,30.866666666666664,1023.5,1000.1999999999999,10.0,5.7,10.266666666666667,15.0,63.166666666666664,28.566666666666666,0.0,0.0,0.0,0.0,0.0,0.0,0.0,0.0
2015-03-14,03,50.4,37.699999999999996,1016.45,993.3333333333334,9.0,7.8999999999999995,16.033333333333335,24.3,63.366666666666674,38.53333333333333,0.0,0.0,0.0,0.0,0.0,0.0,0.0,0.0
2015-03-15,03,45.199999999999996,32.46666666666667,1022.0999999999999,998.7333333333332,9.700000000000001,6.2,16.0,22.96666666666667,62.53333333333333,29.833333333333332,0.0,0.0,0.0,0.0,0.0,0.0,0.0,0.0
2015-03-16,03,58.93333333333334,37.93333333333334,1013.2,990.6666666666666,10.0,11.366666666666667,18.733333333333334,25.733333333333334,72.89999999999999,47.96666666666667,0.0,0.0,0.0,0.0,0.0,0.0,0.0,0.0
2015-03-17,03,43.800000000000004,26.166666666666668,1021.95,997.4333333333334,10.0,14.533333333333333,24.733333333333334,34.333333333333336,72.96666666666667,34.96666666666667,0.0,0.0,0.0,0.0,0.0,0.0,0.0,0.0
2015-03-18,03,36.6,14.366666666666665,1027.2,1003.3333333333334,10.0,3.233333333333333,8.933333333333334,,49.56666666666666,26.866666666666664,0.0,0.0,0.0,0.0,0.0,0.0,0.0,0.0
2015-03-19,03,42.76666666666667,16.833333333333332,1024.15,1000.4333333333334,10.0,6.3,13.666666666666666,17.6,49.76666666666667,26.866666666666664,0.0,0.0,0.0,0.0,0.0,0.0,0.0,0.0
2015-03-20,03,42.5,31.53333333333333,1019.15,995.8666666666667,8.866666666666667,6.533333333333334,12.666666666666666,18.55,50.43333333333334,37.199999999999996,0.0,0.0,0.0,0.0,0.0,0.0,0.0,0.0
2015-03-21,03,42.06666666666667,34.1,1019.05,995.3333333333334,7.733333333333333,10.433333333333334,15.700000000000001,20.0,50.06666666666666,36.03333333333333,0.0,0.0,0.0,0.0,0.0,0.0,0.0,0.0
2015-03-22,03,33.5,21.666666666666668,1025.5,1001.4,9.799999999999999,8.5,14.0,15.9,49.03333333333333,29.2,0.0,0.0,0.0,0.0,1.0,0.0,0.0,0.0
2015-03-23,03,30.366666666666664,23.900000000000002,1025.45,1001.1666666666666,6.333333333333333,9.9,14.366666666666667,19.666666666666668,36.800000000000004,28.166666666666668,0.11666666666666668,4.1,1.0,0.0,1.0,0.0,0.0,0.0
2015-03-24,03,30.3,20.1,1025.0500000000002,1001.1333333333333,9.933333333333334,8.166666666666666,13.666666666666666,17.6,37.166666666666664,21.599999999999998,0.17333333333333334,2.95,0.0,0.0,0.0,0.0,0.0,0.0
2015-03-25,03,38.833333333333336,32.73333333333333,1015.05,990.5666666666666,7.0,11.433333333333332,17.76666666666667,23.733333333333334,42.56666666666667,26.96666666666667,0.17,2.0,0.0,1.0,0.0,0.0,0.0,0.0
2015-03-26,03,38.36666666666667,27.733333333333334,1016.05,992.4333333333334,9.666666666666666,8.0,13.333333333333334,18.400000000000002,44.6,33.5,0.12666666666666668,2.0,0.0,0.0,0.0,0.0,0.0,0.0
2015-03-27,03,29.866666666666664,16.8,1020.65,996.3333333333334,8.666666666666666,11.1,15.700000000000001,24.76666666666667,44.6,24.133333333333336,0.02,1.2,0.0,0.0,1.0,0.0,0.0,0.0
2015-03-28,03,27.633333333333336,10.233333333333333,1026.1,1001.6666666666666,10.0,5.733333333333333,11.700000000000001,16.5,35.766666666666666,20.266666666666666,0.0033333333333333335,1.2,0.0,0.0,0.0,0.0,0.0,0.0
2015-03-29,03,32.46666666666667,18.7,1019.9,996.1333333333333,9.700000000000001,11.966666666666667,23.633333333333336,29.666666666666668,47.46666666666667,20.266666666666666,0.006666666666666667,0.0,0.0,1.0,0.0,0.0,0.0,0.0
2015-03-30,03,47.13333333333333,30.0,1015.1,991.7333333333332,10.0,8.833333333333334,18.0,27.3,62.23333333333333,24.066666666666666,0.016666666666666666,0.0,0.0,0.0,0.0,0.0,0.0,0.0
2015-03-31,03,49.0,34.733333333333334,1010.8,987.9,9.366666666666667,8.5,16.333333333333332,27.400000000000002,62.23333333333333,34.333333333333336,0.0,0.0,0.0,0.0,0.0,0.0,0.0,0.0
2015-04-01,04,52.9,34.76666666666667,1015.2,992.2333333333332,10.0,7.333333333333333,17.666666666666668,25.96666666666667,72.5,37.6,0.0,0.0,0.0,0.0,0.0,0.0,0.0,0.0
2015-04-02,04,58.56666666666666,42.56666666666667,1007.65,984.8000000000001,9.433333333333334,11.1,16.333333333333332,24.433333333333337,72.5,37.6,0.06,0.0,0.0,1.0,0.0,0.0,1.0,0.0
2015-04-03,04,49.76666666666667,32.333333333333336,1012.35,989.2666666666668,9.933333333333334,7.566666666666666,16.400000000000002,21.0,66.0,37.300000000000004,0.19999999999999998,0.0,0.0,0.0,0.0,0.0,0.0,0.0
2015-04-04,04,40.666666666666664,23.46666666666667,1023.05,999.4,10.0,10.033333333333333,19.333333333333332,29.400000000000002,59.300000000000004,27.766666666666666,0.0,0.0,0.0,0.0,0.0,0.0,0.0,0.0
2015-04-05,04,53.800000000000004,23.400000000000002,1018.2,995.3333333333334,10.0,10.0,17.266666666666666,24.76666666666667,66.96666666666667,44.86666666666667,0.0,0.0,0.0,0.0,0.0,0.0,0.0,0.0
2015-04-06,04,50.93333333333334,33.26666666666667,1015.75,992.7333333333332,10.0,5.8999999999999995,11.1,,67.39999999999999,40.199999999999996,0.0,0.0,0.0,0.0,0.0,0.0,0.0,0.0
2015-04-07,04,42.03333333333333,37.6,1018.1,994.3000000000001,5.8,9.5,15.6,22.0,51.666666666666664,39.300000000000004,0.09333333333333334,0.0,0.0,1.0,0.0,0.0,0.0,0.0
2015-04-08,04,46.166666666666664,43.166666666666664,1014.75,991.4333333333334,3.5333333333333337,8.0,15.033333333333333,20.333333333333332,52.833333333333336,38.93333333333333,0.02,0.0,1.0,1.0,0.0,0.0,0.0,0.0
2015-04-09,04,53.166666666666664,49.86666666666667,1007.65,984.8666666666667,4.7,8.9,19.033333333333335,29.333333333333332,72.8,41.36666666666667,0.10666666666666667,0.0,0.0,1.0,0.0,0.0,1.0,0.0
2015-04-10,04,54.13333333333333,41.36666666666667,1006.75,983.4666666666667,9.933333333333334,18.900000000000002,28.3,40.666666666666664,72.8,41.06666666666667,0.81,0.0,0.0,1.0,0.0,0.0,1.0,0.0
2015-04-11,04,48.63333333333333,32.733333333333334,1022.3,998.9333333333334,9.966666666666667,6.733333333333333,15.666666666666666,20.666666666666668,63.800000000000004,36.300000000000004,0.0,0.0,0.0,0.0,0.0,0.0,0.0,0.0
2015-04-12,04,55.43333333333334,31.76666666666667,1019.75,996.9333333333334,10.0,8.066666666666666,16.3,20.966666666666665,69.33333333333333,36.300000000000004,0.0,0.0,0.0,0.0,0.0,0.0,0.0,0.0
2015-04-13,04,61.199999999999996,39.9,1014.55,991.7333333333332,9.633333333333333,10.333333333333334,17.033333333333335,23.03333333333333,69.33333333333333,42.53333333333333,0.22666666666666666,0.0,0.0,1.0,0.0,0.0,1.0,0.0
2015-04-14,04,56.46666666666667,25.233333333333334,1022.9,999.35,10.0,4.333333333333333,8.9,,67.16666666666667,41.53333333333333,0.04,0.0,0.0,0.0,0.0,0.0,0.0,0.0
2015-04-15,04,54.43333333333334,26.3,1023.9,1000.3,10.0,8.033333333333333,16.033333333333335,21.0,67.03333333333335,40.46666666666667,0.0,0.0,0.0,0.0,0.0,0.0,0.0,0.0
2015-04-16,04,53.86666666666667,36.36666666666667,1019.95,996.8666666666667,9.299999999999999,6.6000000000000005,11.733333333333334,19.0,67.03333333333335,41.800000000000004,0.17,0.0,0.0,1.0,0.0,0.0,0.0,0.0
2015-04-17,04,60.06666666666666,44.43333333333334,1017.9,995.0333333333333,8.833333333333334,3.8333333333333335,9.666666666666666,14.0,78.56666666666666,44.53333333333333,0.0,0.0,0.0,0.0,0.0,0.0,0.0,0.0
2015-04-18,04,59.699999999999996,43.199999999999996,1016.65,993.9333333333334,9.9,6.6000000000000005,16.400000000000002,21.066666666666666,78.56666666666666,45.199999999999996,0.0,0.0,0.0,0.0,0.0,0.0,0.0,0.0
2015-04-19,04,56.199999999999996,36.266666666666666,1009.7,986.6,9.5,8.533333333333333,15.366666666666667,22.05,69.73333333333333,47.166666666666664,0.08,0.0,0.0,1.0,0.0,0.0,0.0,0.0
2015-04-20,04,50.0,44.63333333333333,994.9000000000001,971.5,7.433333333333333,13.466666666666667,23.666666666666668,31.666666666666668,64.16666666666667,45.666666666666664,0.32,0.0,0.0,1.0,0.0,0.0,0.0,0.0
2015-04-21,04,45.93333333333334,28.53333333333333,1003.05,980.2333333333332,10.0,16.433333333333334,28.366666666666664,42.03333333333333,55.76666666666667,39.56666666666667,0.0033333333333333335,0.0,0.0,0.0,0.0,0.0,0.0,0.0
2015-04-22,04,40.76666666666667,23.333333333333332,1008.05,984.8000000000001,9.966666666666667,12.166666666666666,19.333333333333332,26.7,52.1,35.1,0.0,0.0,0.0,0.0,0.0,0.0,0.0,0.0
2015-04-23,04,42.73333333333333,21.566666666666666,1015.15,991.6,10.0,7.2,15.299999999999999,23.333333333333332,54.36666666666667,31.599999999999998,0.0,0.0,0.0,0.0,0.0,0.0,0.0,0.0
2015-04-24,04,45.13333333333333,23.166666666666668,1017.3,993.9333333333334,10.0,3.6333333333333333,13.333333333333334,15.0,59.46666666666667,30.133333333333336,0.0,0.0,0.0,0.0,0.0,0.0,0.0,0.0
2015-04-25,04,44.63333333333333,37.666666666666664,1010.35,986.7333333333332,8.533333333333333,11.6,17.3,24.3,59.46666666666667,30.5,0.22999999999999998,0.0,0.0,1.0,0.0,0.0,0.0,0.0
2015-04-26,04,45.199999999999996,30.266666666666666,1014.2,990.5666666666666,9.966666666666667,9.733333333333333,17.033333333333335,23.3,54.96666666666667,37.03333333333333,0.33,0.0,0.0,0.0,0.0,0.0,0.0,0.0
2015-04-27,04,46.86666666666667,30.900000000000002,1018.8,995.3666666666667,10.0,10.466666666666667,16.733333333333334,23.066666666666666,54.96666666666667,37.03333333333333,0.0,0.0,0.0,0.0,0.0,0.0,0.0,0.0
2015-04-28,04,46.666666666666664,33.833333333333336,1020.05,996.6999999999999,10.0,4.3,11.700000000000001,16.05,58.46666666666667,35.233333333333334,0.0,0.0,0.0,0.0,0.0,0.0,0.0,0.0
2015-04-29,04,49.76666666666667,34.699999999999996,1014.4,991.3000000000001,10.0,4.933333333333334,13.033333333333333,17.0,61.699999999999996,35.233333333333334,0.0,0.0,0.0,0.0,0.0,0.0,0.0,0.0
2015-04-30,04,45.93333333333334,34.300000000000004,1014.5,991.1999999999999,10.0,10.266666666666666,17.666666666666668,22.733333333333334,61.699999999999996,38.166666666666664,0.0,0.0,0.0,0.0,0.0,0.0,0.0,0.0
2015-05-01,05,50.03333333333333,36.96666666666667,1020.25,997.1,10.0,4.733333333333333,10.6,14.0,65.16666666666667,37.96666666666667,0.0,0.0,0.0,0.0,0.0,0.0,0.0,0.0
2015-05-02,05,62.300000000000004,38.03333333333333,1017.6500000000001,994.9333333333334,10.0,4.866666666666666,12.333333333333334,17.733333333333334,77.0,37.96666666666667,0.0,0.0,0.0,0.0,0.0,0.0,0.0,0.0
2015-05-03,05,67.63333333333334,41.86666666666667,1013.95,991.6333333333333,10.0,7.833333333333333,18.733333333333334,25.066666666666666,80.39999999999999,49.76666666666667,0.0,0.0,0.0,1.0,0.0,0.0,0.0,0.0
2015-05-04,05,66.2,53.73333333333333,1015.8,993.3000000000001,9.866666666666667,8.133333333333333,14.966666666666667,22.03333333333333,80.39999999999999,55.63333333333333,0.21,0.0,0.0,1.0,0.0,0.0,1.0,0.0
2015-05-05,05,54.13333333333333,47.93333333333334,1022.3499999999999,999.2666666666668,5.766666666666667,6.666666666666667,11.333333333333334,19.05,69.96666666666667,49.699999999999996,0.8266666666666667,0.0,0.0,1.0,0.0,0.0,1.0,0.0
2015-05-06,05,58.199999999999996,52.13333333333333,1021.0,998.3666666666667,3.3000000000000003,4.833333333333333,9.266666666666667,,80.0,48.43333333333334,0.11666666666666668,0.0,1.0,0.0,0.0,0.0,0.0,0.0
2015-05-07,05,68.89999999999999,52.5,1016.5,994.0666666666666,9.533333333333333,7.5,19.666666666666668,27.0,84.66666666666667,48.43333333333334,0.0,0.0,0.0,0.0,0.0,0.0,0.0,0.0
2015-05-08,05,71.66666666666667,60.36666666666667,1013.2,991.0666666666666,9.666666666666666,7.566666666666666,18.333333333333332,32.300000000000004,84.66666666666667,55.166666666666664,0.04,0.0,0.0,1.0,0.0,0.0,1.0,0.0
2015-05-09,05,59.26666666666667,55.833333333333336,1016.5999999999999,993.6333333333333,6.033333333333334,6.333333333333333,13.966666666666667,19.05,71.26666666666667,50.06666666666666,0.6966666666666667,0.0,0.0,1.0,0.0,0.0,0.0,0.0
2015-05-10,05,48.56666666666666,45.699999999999996,1017.25,994.1333333333333,5.766666666666667,7.533333333333334,10.933333333333332,,65.26666666666667,45.666666666666664,0.12333333333333334,0.0,0.0,1.0,0.0,0.0,0.0,0.0
2015-05-11,05,57.63333333333333,53.36666666666667,1012.1,988.9,7.3,8.6,19.7,27.633333333333336,69.46666666666665,45.53333333333333,0.08666666666666667,0.0,1.0,1.0,0.0,0.0,0.0,0.0
2015-05-12,05,53.13333333333333,39.333333333333336,1016.0,992.9,10.0,15.166666666666666,21.333333333333332,29.96666666666667,69.46666666666665,47.76666666666667,0.15666666666666668,0.0,0.0,0.0,0.0,0.0,0.0,0.0
2015-05-13,05,48.13333333333333,34.666666666666664,1029.2,1005.5333333333333,10.0,8.4,13.666666666666666,18.400000000000002,56.63333333333333,42.1,0.0,0.0,0.0,0.0,0.0,0.0,0.0,0.0
2015-05-14,05,52.76666666666667,39.300000000000004,1026.85,1003.5666666666666,10.0,8.266666666666666,13.666666666666666,19.333333333333332,66.8,41.36666666666667,0.0,0.0,0.0,1.0,0.0,0.0,0.0,0.0
2015-05-15,05,65.43333333333334,56.56666666666666,1015.3,992.8000000000001,9.566666666666666,8.933333333333334,14.0,20.666666666666668,77.66666666666667,49.03333333333333,0.13999999999999999,0.0,0.0,1.0,0.0,0.0,0.0,0.0
2015-05-16,05,70.33333333333333,62.833333333333336,1015.0,992.6999999999999,9.666666666666666,5.2,11.299999999999999,,79.93333333333334,58.4,0.016666666666666666,0.0,0.0,1.0,0.0,0.0,0.0,0.0
2015-05-17,05,72.86666666666667,65.2,1013.2,991.3333333333334,8.733333333333334,11.333333333333334,21.0,29.899999999999995,82.03333333333333,63.86666666666667,0.013333333333333334,0.0,0.0,1.0,0.0,0.0,0.0,0.0
2015-05-18,05,73.06666666666666,59.4,1014.05,991.8666666666667,10.0,12.333333333333334,19.666666666666668,27.0,82.03333333333333,64.89999999999999,0.10333333333333333,0.0,0.0,0.0,0.0,0.0,0.0,0.0
2015-05-19,05,50.96666666666667,36.699999999999996,1021.75,998.6,10.0,10.266666666666667,17.433333333333334,24.03333333333333,73.3,46.36666666666667,0.0,0.0,0.0,0.0,0.0,0.0,0.0,0.0
2015-05-20,05,44.43333333333334,30.53333333333333,1023.8499999999999,1000.2333333333332,9.966666666666667,7.7,13.0,18.05,53.199999999999996,40.766666666666666,0.0033333333333333335,0.0,0.0,1.0,0.0,0.0,0.0,0.0
2015-05-21,05,52.199999999999996,37.63333333333333,1019.1500000000001,995.9666666666667,10.0,6.699999999999999,13.666666666666666,20.0,68.60000000000001,40.833333333333336,0.023333333333333334,0.0,0.0,1.0,0.0,0.0,0.0,0.0
2015-05-22,05,58.56666666666666,37.199999999999996,1020.35,997.3333333333334,10.0,6.666666666666667,11.266666666666666,,68.60000000000001,45.13333333333333,0.0,0.0,0.0,0.0,0.0,0.0,0.0,0.0
2015-05-23,05,62.800000000000004,36.86666666666667,1025.35,1002.3666666666667,10.0,5.666666666666667,12.033333333333333,17.666666666666668,80.96666666666667,46.5,0.0,0.0,0.0,0.0,0.0,0.0,0.0,0.0
2015-05-24,05,67.46666666666665,49.96666666666667,1019.9000000000001,997.5333333333333,9.766666666666666,5.066666666666667,11.333333333333334,20.0,80.96666666666667,47.96666666666667,0.005,0.0,0.0,1.0,0.0,0.0,0.0,0.0
2015-05-25,05,72.83333333333333,61.800000000000004,1011.55,989.3666666666667,9.566666666666668,13.266666666666666,21.3,29.333333333333332,79.60000000000001,59.666666666666664,0.2866666666666667,0.0,0.0,1.0,0.0,0.0,0.0,0.0
2015-05-26,05,71.46666666666665,62.666666666666664,1011.4000000000001,989.2333333333332,9.566666666666668,10.700000000000001,21.400000000000002,32.36666666666667,79.60000000000001,65.63333333333334,0.07666666666666667,0.0,0.0,1.0,0.0,0.0,0.0,0.0
2015-05-27,05,69.66666666666667,58.9,1012.5,990.1333333333333,9.866666666666667,11.533333333333333,18.733333333333334,25.066666666666666,75.73333333333333,65.10000000000001,0.30666666666666664,0.0,0.0,1.0,0.0,0.0,0.0,0.0
2015-05-28,05,69.66666666666667,54.23333333333333,1020.45,997.9,9.733333333333333,4.5,12.666666666666666,17.76666666666667,82.8,55.0,0.02,0.0,0.0,0.0,0.0,0.0,0.0,0.0
2015-05-29,05,73.56666666666666,60.96666666666667,1015.55,993.5333333333333,9.533333333333333,8.133333333333333,16.666666666666668,27.0,82.96666666666667,55.0,0.01,0.0,0.0,1.0,0.0,0.0,0.0,0.0
2015-05-30,05,65.06666666666666,59.6,1014.5,992.1333333333333,8.566666666666666,8.833333333333334,21.0,29.633333333333336,82.33333333333333,47.4,0.23666666666666666,0.0,0.0,1.0,0.0,0.0,0.0,0.0
2015-05-31,05,47.76666666666667,41.766666666666666,1021.15,997.2333333333332,7.6000000000000005,15.366666666666667,20.033333333333335,29.366666666666664,54.333333333333336,43.46666666666667,0.5766666666666667,0.0,0.0,1.0,0.0,0.0,0.0,0.0
2015-06-01,06,52.166666666666664,41.699999999999996,1023.4,1000.1333333333333,10.0,8.233333333333333,13.0,17.1,60.53333333333333,43.43333333333334,0.006666666666666667,0.0,0.0,0.0,0.0,0.0,0.0,0.0
2015-06-02,06,55.86666666666667,41.56666666666666,1021.7,998.6,10.0,3.9666666666666663,10.366666666666667,15.0,70.06666666666666,42.166666666666664,0.0,0.0,0.0,0.0,0.0,0.0,0.0,0.0
2015-06-03,06,62.666666666666664,48.9,1017.55,994.9333333333334,9.966666666666667,5.3,9.566666666666668,15.55,77.2,42.166666666666664,0.0,0.0,0.0,0.0,0.0,0.0,0.0,0.0
2015-06-04,06,69.0,56.53333333333333,1015.2,992.8333333333334,9.833333333333334,6.8,10.700000000000001,15.0,81.2,50.699999999999996,0.0,0.0,0.0,0.0,0.0,0.0,0.0,0.0
2015-06-05,06,64.96666666666665,56.73333333333333,1017.0999999999999,994.8000000000001,9.233333333333334,9.233333333333334,18.033333333333335,25.0,80.89999999999999,55.86666666666667,0.0,0.0,0.0,0.0,0.0,0.0,0.0,0.0
2015-06-06,06,60.4,50.53333333333333,1020.15,997.3000000000001,9.799999999999999,8.833333333333334,15.033333333333333,19.333333333333332,70.76666666666667,52.300000000000004,0.0,0.0,0.0,0.0,0.0,0.0,0.0,0.0
2015-06-07,06,65.7,58.1,1010.5,988.1999999999999,9.0,8.533333333333333,15.6,25.366666666666664,79.86666666666667,52.36666666666667,0.38666666666666666,0.0,0.0,1.0,0.0,0.0,1.0,0.0
2015-06-08,06,73.03333333333333,63.633333333333326,1004.8,982.9,9.733333333333333,10.5,19.033333333333335,27.3,84.0,55.93333333333334,0.32,0.0,0.0,1.0,0.0,0.0,1.0,0.0
2015-06-09,06,69.56666666666666,56.53333333333333,1008.1500000000001,985.9,9.166666666666666,5.566666666666666,13.633333333333333,18.666666666666668,84.96666666666667,58.699999999999996,0.09666666666666668,0.0,0.0,1.0,0.0,0.0,1.0,0.0
2015-06-10,06,79.93333333333334,62.96666666666666,1005.35,983.6333333333333,10.0,10.6,17.76666666666667,27.333333333333332,91.93333333333334,58.699999999999996,0.03,0.0,0.0,1.0,0.0,0.0,1.0,0.0
2015-06-11,06,70.26666666666667,58.96666666666667,1009.65,987.3333333333334,9.4,5.566666666666666,11.733333333333334,15.9,80.96666666666667,63.56666666666666,0.006666666666666667,0.0,0.0,0.0,0.0,0.0,0.0,0.0
2015-06-12,06,64.93333333333334,61.73333333333333,1009.5,986.3666666666667,5.333333333333333,6.333333333333333,15.333333333333334,25.45,75.46666666666667,57.6,0.47000000000000003,0.0,0.0,1.0,0.0,0.0,1.0,0.0
2015-06-13,06,67.26666666666667,61.13333333333333,1013.05,990.6,5.933333333333334,5.466666666666666,12.4,18.55,86.16666666666667,56.0,0.10333333333333333,0.0,1.0,1.0,0.0,0.0,1.0,0.0
2015-06-14,06,74.63333333333334,68.43333333333334,1012.15,990.1,8.733333333333333,6.766666666666667,15.366666666666667,20.633333333333333,86.83333333333333,56.699999999999996,0.96,0.0,0.0,1.0,0.0,0.0,1.0,0.0
2015-06-15,06,75.2,70.3,1012.75,990.5333333333333,8.633333333333333,5.533333333333334,14.299999999999999,16.55,83.7,69.26666666666667,0.59,0.0,1.0,1.0,0.0,0.0,1.0,0.0
2015-06-16,06,68.39999999999999,59.166666666666664,1018.5,994.7666666666668,8.700000000000001,7.8,13.633333333333333,21.0,81.06666666666666,63.666666666666664,1.9133333333333333,0.0,0.0,1.0,0.0,0.0,0.0,0.0
2015-06-17,06,61.9,52.36666666666667,1017.6,994.6666666666666,8.333333333333334,3.6333333333333333,8.299999999999999,,70.83333333333333,57.13333333333333,0.0,0.0,0.0,1.0,0.0,0.0,0.0,0.0
2015-06-18,06,72.60000000000001,65.83333333333333,1013.4000000000001,991.0333333333333,6.733333333333333,6.8,16.666666666666668,23.3,80.96666666666667,57.13333333333333,0.23500000000000001,0.0,1.0,1.0,0.0,0.0,1.0,0.0
2015-06-19,06,61.73333333333333,52.43333333333334,1017.55,994.6333333333333,9.966666666666667,9.533333333333333,13.966666666666667,19.05,80.96666666666667,55.23333333333333,0.25,0.0,0.0,0.0,0.0,0.0,0.0,0.0
2015-06-20,06,65.06666666666666,55.36666666666667,1011.9,989.4666666666667,10.0,5.766666666666667,16.400000000000002,22.03333333333333,80.53333333333333,54.93333333333334,0.0,0.0,0.0,0.0,0.0,0.0,0.0,0.0
2015-06-21,06,74.93333333333334,64.8,1010.75,988.3666666666667,9.799999999999999,7.8,18.0,27.7,85.39999999999999,59.133333333333326,0.26,0.0,0.0,1.0,0.0,0.0,1.0,0.0
2015-06-22,06,76.16666666666667,69.43333333333334,1011.6,989.6,9.566666666666666,8.033333333333333,20.0,28.599999999999998,85.39999999999999,67.26666666666667,0.0,0.0,0.0,1.0,0.0,0.0,0.0,0.0
2015-06-23,06,75.83333333333333,60.13333333333333,1013.05,990.7333333333332,10.0,8.6,17.333333333333332,23.3,84.0,67.26666666666667,0.043333333333333335,0.0,0.0,0.0,0.0,0.0,0.0,0.0
2015-06-24,06,70.56666666666666,56.56666666666666,1019.3,996.8333333333334,10.0,4.033333333333333,9.966666666666667,14.95,80.76666666666667,61.46666666666667,0.0,0.0,0.0,0.0,0.0,0.0,0.0,0.0
2015-06-25,06,71.73333333333333,64.0,1014.95,992.4333333333334,9.133333333333333,5.633333333333333,10.366666666666667,18.1,80.89999999999999,61.46666666666667,0.36000000000000004,0.0,0.0,1.0,0.0,0.0,1.0,0.0
2015-06-26,06,64.66666666666667,60.23333333333333,1014.9000000000001,992.0666666666666,6.166666666666667,6.766666666666667,11.299999999999999,,80.89999999999999,61.0,0.02,0.0,0.0,1.0,0.0,0.0,0.0,0.0
2015-06-27,06,64.7,53.53333333333333,1014.7,991.8666666666667,9.133333333333333,8.200000000000001,13.333333333333334,19.5,75.43333333333334,57.800000000000004,0.41999999999999993,0.0,0.0,1.0,0.0,0.0,0.0,0.0
2015-06-28,06,67.53333333333333,50.96666666666667,1012.35,990.0333333333333,9.933333333333334,3.6333333333333333,11.033333333333333,21.6,79.66666666666667,54.4,0.0,0.0,0.0,1.0,0.0,0.0,0.0,0.0
2015-06-29,06,68.6,61.9,1008.85,986.6,8.633333333333333,3.4000000000000004,7.666666666666667,,79.66666666666667,54.4,0.10333333333333333,0.0,0.0,1.0,0.0,0.0,0.0,0.0
2015-06-30,06,69.06666666666666,61.300000000000004,1008.55,986.1999999999999,8.566666666666668,5.833333333333333,13.033333333333333,14.0,78.2,62.96666666666667,0.36000000000000004,0.0,0.0,0.0,0.0,0.0,0.0,0.0
2015-07-01,07,61.300000000000004,52.800000000000004,1013.45,991.0666666666666,9.966666666666667,6.766666666666667,10.299999999999999,14.0,75.56666666666666,57.199999999999996,0.05666666666666667,0.0,0.0,0.0,0.0,0.0,0.0,0.0
2015-07-02,07,61.53333333333333,52.73333333333333,1015.3,992.3666666666667,9.866666666666667,8.733333333333334,13.333333333333334,17.1,69.10000000000001,54.93333333333334,0.0,0.0,0.0,0.0,0.0,0.0,0.0,0.0
2015-07-03,07,65.7,53.0,1014.4000000000001,991.6999999999999,10.0,4.8999999999999995,9.633333333333333,14.0,76.16666666666667,56.0,0.0,0.0,0.0,0.0,0.0,0.0,0.0,0.0
2015-07-04,07,69.73333333333333,54.86666666666667,1014.25,991.8333333333334,9.200000000000001,2.766666666666667,7.666666666666667,,81.73333333333333,56.833333333333336,0.0,0.0,0.0,0.0,0.0,0.0,0.0,0.0
2015-07-05,07,73.33333333333333,58.699999999999996,1016.7,994.5,7.033333333333334,3.1333333333333333,8.9,,83.33333333333333,58.53333333333333,0.0,0.0,0.0,0.0,0.0,0.0,0.0,0.0
2015-07-06,07,75.36666666666667,64.39999999999999,1013.95,992.0333333333333,8.4,7.266666666666667,17.933333333333334,23.3,86.16666666666667,61.333333333333336,0.03333333333333333,0.0,0.0,1.0,0.0,0.0,1.0,0.0
2015-07-07,07,67.8,58.03333333333333,1013.75,990.6666666666666,8.533333333333333,11.733333333333334,19.633333333333333,26.03333333333333,86.16666666666667,57.56666666666666,0.5866666666666667,0.0,0.0,1.0,0.0,0.0,1.0,0.0
2015-07-08,07,60.76666666666667,50.46666666666667,1018.55,995.6,10.0,6.1000000000000005,11.4,15.9,72.8,56.36666666666667,0.03333333333333333,0.0,0.0,1.0,0.0,0.0,0.0,0.0
2015-07-09,07,64.7,57.199999999999996,1014.6500000000001,991.6999999999999,6.066666666666666,6.2,10.700000000000001,15.0,73.86666666666667,56.36666666666667,0.04,0.0,0.0,1.0,0.0,0.0,0.0,0.0
2015-07-10,07,68.86666666666666,56.4,1018.25,995.7666666666668,8.366666666666667,3.2999999999999994,8.299999999999999,,81.16666666666667,58.46666666666667,0.0,0.0,0.0,0.0,0.0,0.0,0.0,0.0
2015-07-11,07,70.73333333333333,57.23333333333333,1019.35,997.0,9.866666666666667,3.4333333333333336,8.933333333333334,,81.16666666666667,59.5,0.0,0.0,0.0,1.0,0.0,0.0,0.0,0.0
2015-07-12,07,73.39999999999999,65.03333333333333,1014.9000000000001,992.8000000000001,8.633333333333333,4.333333333333333,8.299999999999999,,82.43333333333334,61.03333333333334,0.06,0.0,0.0,1.0,0.0,0.0,0.0,0.0
2015-07-13,07,76.03333333333335,67.26666666666667,1007.5,985.9,9.866666666666667,8.5,22.933333333333334,31.666666666666668,86.43333333333334,67.63333333333333,0.21666666666666665,0.0,0.0,1.0,0.0,0.0,1.0,0.0
2015-07-14,07,76.10000000000001,65.8,1002.55,980.4666666666667,9.933333333333334,8.766666666666667,15.366666666666667,23.333333333333332,86.43333333333334,68.36666666666666,0.34,0.0,0.0,1.0,0.0,0.0,1.0,0.0
2015-07-15,07,66.53333333333333,53.23333333333333,1013.9000000000001,991.3000000000001,10.0,9.0,14.299999999999999,22.3,82.33333333333333,60.199999999999996,0.0,0.0,0.0,0.0,0.0,0.0,0.0,0.0
2015-07-16,07,67.10000000000001,56.6,1015.3,992.6999999999999,9.700000000000001,5.966666666666666,14.633333333333333,20.633333333333333,76.86666666666666,59.833333333333336,0.013333333333333334,0.0,0.0,1.0,0.0,0.0,0.0,0.0
2015-07-17,07,78.63333333333333,70.46666666666667,1007.7,986.0,8.299999999999999,7.7,12.700000000000001,19.7,91.93333333333334,63.73333333333333,0.6766666666666667,0.0,0.0,1.0,0.0,0.0,1.0,0.0
2015-07-18,07,80.26666666666667,70.60000000000001,1009.25,987.3333333333334,9.933333333333334,7.166666666666667,16.733333333333334,27.0,91.96666666666665,71.23333333333333,0.03,0.0,0.0,1.0,0.0,0.0,1.0,0.0
2015-07-19,07,79.89999999999999,68.93333333333334,1010.5,988.5666666666666,9.799999999999999,6.533333333333334,14.299999999999999,20.666666666666668,90.7,72.53333333333335,0.19000000000000003,0.0,0.0,0.0,0.0,0.0,0.0,0.0
2015-07-20,07,75.03333333333333,61.300000000000004,1009.55,987.5666666666666,9.833333333333334,5.0,12.033333333333333,18.1,86.66666666666667,63.699999999999996,0.0,0.0,0.0,0.0,0.0,0.0,0.0,0.0
2015-07-21,07,75.16666666666667,57.63333333333333,1009.65,987.5,10.0,7.266666666666667,11.0,15.266666666666666,86.66666666666667,63.699999999999996,0.0,0.0,0.0,0.0,0.0,0.0,0.0,0.0
2015-07-22,07,73.5,54.6,1013.7,991.4,10.0,3.1333333333333333,8.299999999999999,,82.86666666666667,63.06666666666666,0.0,0.0,0.0,0.0,0.0,0.0,0.0,0.0
2015-07-23,07,75.10000000000001,56.03333333333333,1014.95,992.6666666666666,10.0,3.033333333333333,8.266666666666667,,84.89999999999999,62.73333333333333,0.0,0.0,0.0,0.0,0.0,0.0,0.0,0.0
2015-07-24,07,76.16666666666667,59.199999999999996,1015.2,993.0666666666666,9.966666666666667,4.833333333333333,14.0,21.066666666666666,85.63333333333333,63.5,0.0,0.0,0.0,0.0,0.0,0.0,0.0,0.0
2015-07-25,07,78.86666666666666,66.03333333333333,1012.4000000000001,990.4,10.0,7.066666666666666,13.0,15.0,90.96666666666665,64.93333333333334,0.0,0.0,0.0,0.0,0.0,0.0,0.0,0.0
2015-07-26,07,75.53333333333335,65.2,1013.35,991.1999999999999,9.933333333333334,3.8666666666666667,9.666666666666666,,90.96666666666665,66.33333333333333,0.0,0.0,0.0,1.0,0.0,0.0,0.0,0.0
2015-07-27,07,77.93333333333334,63.36666666666667,1014.35,992.0666666666666,9.533333333333333,6.0,13.333333333333334,17.666666666666668,88.73333333333333,66.33333333333333,0.0,0.0,0.0,0.0,0.0,0.0,0.0,0.0
2015-07-28,07,80.2,65.53333333333333,1014.15,991.9666666666667,10.0,5.733333333333333,12.366666666666667,,91.86666666666667,67.53333333333333,0.0,0.0,0.0,0.0,0.0,0.0,0.0,0.0
2015-07-29,07,81.56666666666666,65.96666666666667,1013.0999999999999,991.0666666666666,9.366666666666667,6.866666666666667,14.966666666666667,20.7,91.86666666666667,69.06666666666668,0.02666666666666667,0.0,0.0,1.0,0.0,0.0,1.0,0.0
2015-07-30,07,77.7,54.5,1015.95,993.8000000000001,10.0,8.799999999999999,16.0,21.7,88.83333333333333,65.96666666666667,0.0,0.0,0.0,0.0,0.0,0.0,0.0,0.0
2015-07-31,07,78.36666666666667,56.73333333333333,1014.75,992.7000000000002,10.0,9.0,18.7,27.0,88.60000000000001,65.06666666666666,0.0,0.0,0.0,0.0,0.0,0.0,0.0,0.0
2015-08-01,08,75.93333333333334,53.26666666666667,1013.9000000000001,991.6999999999999,10.0,7.733333333333334,14.633333333333333,21.666666666666668,88.3,63.6,0.0,0.0,0.0,0.0,0.0,0.0,0.0,0.0
2015-08-02,08,80.10000000000001,64.7,1009.0999999999999,987.4333333333334,9.9,11.466666666666667,21.3,34.96666666666667,92.89999999999999,63.6,0.0,0.0,0.0,0.0,0.0,0.0,1.0,0.0
2015-08-03,08,76.33333333333333,60.0,1008.05,985.7666666666668,9.766666666666667,9.233333333333333,21.366666666666664,31.333333333333332,92.89999999999999,65.89999999999999,0.7033333333333335,0.0,0.0,1.0,0.0,0.0,1.0,0.0
2015-08-04,08,72.53333333333335,53.26666666666667,1013.0,990.6999999999999,10.0,5.833333333333333,14.0,18.400000000000002,82.93333333333334,60.36666666666667,0.0,0.0,0.0,0.0,0.0,0.0,0.0,0.0
2015-08-05,08,72.73333333333333,56.1,1016.15,993.8333333333334,10.0,4.066666666666666,11.0,14.666666666666666,82.93333333333334,60.36666666666667,0.0,0.0,0.0,0.0,0.0,0.0,0.0,0.0
2015-08-06,08,73.73333333333333,59.53333333333333,1014.1500000000001,991.7666666666668,9.966666666666667,6.533333333333334,11.0,14.633333333333333,82.86666666666667,60.73333333333333,0.0,0.0,0.0,0.0,0.0,0.0,0.0,0.0
2015-08-07,08,73.8,58.1,1012.3,990.1666666666666,10.0,6.3999999999999995,11.333333333333334,16.966666666666665,83.46666666666667,63.333333333333336,0.0,0.0,0.0,0.0,0.0,0.0,0.0,0.0
2015-08-08,08,75.93333333333334,62.46666666666667,1011.65,989.5666666666666,10.0,6.3,10.366666666666667,15.9,83.93333333333334,63.333333333333336,0.0,0.0,0.0,0.0,0.0,0.0,0.0,0.0
2015-08-09,08,72.3,65.7,1013.85,991.6,7.066666666666666,3.766666666666667,9.333333333333334,,83.63333333333334,66.8,0.0,0.0,0.0,1.0,0.0,0.0,0.0,0.0
2015-08-10,08,75.60000000000001,67.93333333333334,1011.0,988.7333333333332,8.200000000000001,4.266666666666667,14.299999999999999,22.9,84.8,66.8,0.006666666666666667,0.0,0.0,1.0,0.0,0.0,1.0,0.0
2015-08-11,08,72.96666666666667,62.73333333333333,1014.9000000000001,992.5,9.166666666666666,5.766666666666667,13.0,17.6,84.8,65.16666666666667,0.09000000000000001,0.0,0.0,0.0,0.0,0.0,0.0,0.0
2015-08-12,08,71.2,57.43333333333334,1019.9000000000001,997.3666666666667,10.0,3.966666666666667,8.6,17.1,80.10000000000001,61.46666666666667,0.0,0.0,0.0,0.0,0.0,0.0,0.0,0.0
2015-08-13,08,73.26666666666667,59.833333333333336,1018.5,996.2333333333332,10.0,7.033333333333334,15.033333333333333,20.0,85.16666666666667,61.46666666666667,0.0,0.0,0.0,0.0,0.0,0.0,0.0,0.0
2015-08-14,08,77.8,65.66666666666667,1017.75,995.6666666666666,10.0,7.8,11.666666666666666,14.0,89.5,66.3,0.0,0.0,0.0,0.0,0.0,0.0,0.0,0.0
2015-08-15,08,76.3,67.13333333333334,1018.5,996.4,9.433333333333334,5.6000000000000005,20.666666666666668,32.0,90.26666666666667,66.8,0.21666666666666665,0.0,0.0,1.0,0.0,0.0,1.0,0.0
2015-08-16,08,78.43333333333334,68.5,1017.95,995.8333333333334,9.633333333333333,5.633333333333333,13.333333333333334,19.7,90.39999999999999,68.60000000000001,0.24,0.0,0.0,0.0,0.0,0.0,0.0,0.0
2015-08-17,08,78.39999999999999,67.33333333333333,1015.9,993.8666666666667,9.533333333333333,6.033333333333334,15.333333333333334,27.0,89.46666666666665,68.8,0.0,0.0,0.0,1.0,0.0,0.0,0.0,0.0
2015-08-18,08,74.03333333333333,67.06666666666666,1010.75,989.1,9.0,6.566666666666666,16.066666666666666,24.03333333333333,88.06666666666666,67.76666666666667,0.57,0.0,0.0,1.0,0.0,0.0,1.0,0.0
2015-08-19,08,72.66666666666667,63.666666666666664,1004.8,982.9333333333334,9.799999999999999,11.366666666666667,19.366666666666667,29.0,81.8,67.86666666666667,0.5299999999999999,0.0,0.0,1.0,0.0,0.0,1.0,0.0
2015-08-20,08,65.76666666666667,52.699999999999996,1008.9,986.5,10.0,13.266666666666666,19.366666666666667,27.0,75.96666666666667,59.166666666666664,0.0,0.0,0.0,1.0,0.0,0.0,0.0,0.0
2015-08-21,08,68.83333333333333,53.26666666666667,1017.05,994.6666666666666,10.0,6.266666666666667,13.0,17.966666666666665,82.03333333333333,56.0,0.0,0.0,0.0,0.0,0.0,0.0,0.0,0.0
2015-08-22,08,72.23333333333333,56.300000000000004,1017.85,995.6666666666666,10.0,7.433333333333334,16.333333333333332,23.066666666666666,82.06666666666666,56.0,0.0,0.0,0.0,0.0,0.0,0.0,0.0,0.0
2015-08-23,08,71.89999999999999,59.199999999999996,1012.25,989.9,9.633333333333333,8.966666666666667,17.1,24.433333333333337,81.36666666666667,60.96666666666667,0.17333333333333334,0.0,0.0,1.0,0.0,0.0,0.0,0.0
2015-08-24,08,65.83333333333333,49.333333333333336,1013.1500000000001,990.7666666666668,10.0,11.0,20.333333333333332,30.633333333333336,77.53333333333333,55.666666666666664,0.03,0.0,0.0,0.0,0.0,0.0,0.0,0.0
2015-08-25,08,64.3,48.0,1015.4,992.7666666666668,10.0,8.0,15.700000000000001,24.266666666666666,74.93333333333334,55.666666666666664,0.0,0.0,0.0,0.0,0.0,0.0,0.0,0.0
2015-08-26,08,62.833333333333336,52.56666666666666,1019.6500000000001,996.7333333333332,10.0,4.933333333333334,8.933333333333334,15.9,71.83333333333333,56.6,0.0,0.0,0.0,0.0,0.0,0.0,0.0,0.0
2015-08-27,08,63.76666666666667,52.93333333333334,1021.45,998.6333333333333,9.933333333333334,2.8666666666666667,9.299999999999999,,74.39999999999999,53.36666666666667,0.0,0.0,0.0,0.0,0.0,0.0,0.0,0.0
2015-08-28,08,66.33333333333333,57.333333333333336,1019.5999999999999,997.0,9.733333333333333,3.866666666666667,8.700000000000001,,75.66666666666667,53.36666666666667,0.0,0.0,0.0,0.0,0.0,0.0,0.0,0.0
2015-08-29,08,68.86666666666666,62.6,1016.8,994.2666666666668,8.933333333333334,5.033333333333333,10.266666666666667,15.0,74.36666666666667,57.26666666666667,0.25333333333333335,0.0,0.0,1.0,0.0,0.0,0.0,0.0
2015-08-30,08,69.63333333333334,64.3,1016.7,994.1999999999999,5.5,2.966666666666667,7.666666666666667,,77.96666666666665,64.0,0.13333333333333333,0.0,0.0,1.0,0.0,0.0,0.0,0.0
2015-08-31,08,72.10000000000001,65.0,1016.7,994.3000000000001,6.0,2.1333333333333333,6.666666666666667,,85.86666666666667,61.26666666666667,0.0,0.0,1.0,0.0,0.0,0.0,0.0,0.0
2015-09-01,09,78.06666666666666,69.7,1016.05,994.0666666666666,8.933333333333332,5.333333333333333,13.266666666666666,19.033333333333335,87.86666666666667,61.26666666666667,0.0,0.0,0.0,0.0,0.0,0.0,0.0,0.0
2015-09-02,09,80.16666666666667,69.10000000000001,1015.65,993.6666666666666,9.700000000000001,6.933333333333333,12.033333333333333,18.066666666666666,90.56666666666666,69.0,0.0,0.0,0.0,0.0,0.0,0.0,0.0,0.0
2015-09-03,09,81.23333333333333,67.8,1012.9000000000001,991.0,10.0,6.5,14.0,19.033333333333335,91.8,70.33333333333333,0.0,0.0,0.0,0.0,0.0,0.0,0.0,0.0
2015-09-04,09,75.56666666666668,67.13333333333334,1014.65,992.2666666666668,9.700000000000001,5.0,11.666666666666666,15.9,91.8,68.26666666666667,0.0,0.0,0.0,0.0,0.0,0.0,0.0,0.0
2015-09-05,09,74.8,67.0,1017.5999999999999,995.3666666666667,9.4,5.3999999999999995,11.0,,86.3,68.26666666666667,0.023333333333333334,0.0,0.0,1.0,0.0,0.0,1.0,0.0
2015-09-06,09,79.96666666666667,66.43333333333334,1017.0,994.9666666666667,9.966666666666667,6.5,13.0,18.7,92.16666666666667,69.5,0.006666666666666667,0.0,0.0,0.0,0.0,0.0,0.0,0.0
2015-09-07,09,81.16666666666667,67.16666666666667,1014.0999999999999,992.2666666666668,10.0,6.833333333333333,11.633333333333333,14.0,92.16666666666667,70.33333333333333,0.0,0.0,0.0,0.0,0.0,0.0,0.0,0.0
2015-09-08,09,77.86666666666666,69.6,1011.3,989.3333333333334,9.366666666666667,7.0,19.7,27.96666666666667,88.96666666666665,71.53333333333335,0.39666666666666667,0.0,1.0,1.0,0.0,0.0,1.0,0.0
2015-09-09,09,70.83333333333333,62.23333333333333,1013.7,991.1999999999999,9.766666666666667,5.733333333333333,11.0,14.0,85.96666666666665,66.66666666666667,0.6766666666666667,0.0,0.0,0.0,0.0,0.0,0.0,0.0
2015-09-10,09,64.43333333333334,56.43333333333334,1014.0,991.4,9.9,3.6999999999999997,13.0,21.733333333333334,76.76666666666667,55.36666666666667,0.016666666666666666,0.0,0.0,1.0,0.0,0.0,1.0,0.0
2015-09-11,09,62.13333333333333,56.833333333333336,1014.05,991.3333333333334,9.333333333333334,6.333333333333333,17.366666666666667,24.03333333333333,75.36666666666667,55.36666666666667,0.19999999999999998,0.0,0.0,1.0,0.0,0.0,0.0,0.0
2015-09-12,09,57.833333333333336,46.833333333333336,1016.95,993.9,9.533333333333333,9.0,15.6,21.7,67.7,52.300000000000004,0.36999999999999994,0.0,0.0,1.0,0.0,0.0,0.0,0.0
2015-09-13,09,58.666666666666664,44.46666666666667,1016.7,993.8000000000001,10.0,6.1000000000000005,10.6,16.400000000000002,70.53333333333333,48.13333333333333,0.15666666666666668,0.0,0.0,0.0,0.0,0.0,0.0,0.0
2015-09-14,09,64.63333333333334,48.666666666666664,1016.5,994.0333333333333,10.0,8.633333333333333,17.033333333333335,25.633333333333336,81.3,48.13333333333333,0.0,0.0,0.0,0.0,0.0,0.0,0.0,0.0
2015-09-15,09,71.89999999999999,53.03333333333333,1020.6,998.3000000000001,10.0,9.966666666666667,15.0,22.333333333333332,82.2,52.03333333333333,0.0,0.0,0.0,0.0,0.0,0.0,0.0,0.0
2015-09-16,09,70.39999999999999,52.23333333333333,1021.65,999.3666666666667,10.0,8.333333333333334,16.333333333333332,21.599999999999998,82.93333333333334,57.5,0.0,0.0,0.0,0.0,0.0,0.0,0.0,0.0
2015-09-17,09,72.13333333333334,58.1,1016.45,994.3333333333334,10.0,9.133333333333333,19.933333333333334,30.3,85.39999999999999,57.5,0.0,0.0,0.0,1.0,0.0,0.0,1.0,0.0
2015-09-18,09,73.06666666666666,66.5,1009.85,987.6666666666666,8.200000000000001,8.533333333333333,16.3,23.400000000000002,85.39999999999999,62.0,0.84,0.0,0.0,1.0,0.0,0.0,1.0,0.0
2015-09-19,09,66.06666666666666,57.833333333333336,1012.25,988.6666666666666,8.5,9.033333333333333,18.666666666666668,28.633333333333336,77.53333333333335,58.03333333333333,1.39,0.0,0.0,1.0,0.0,0.0,1.0,0.0
2015-09-20,09,60.4,48.76666666666667,1020.8499999999999,997.9333333333334,9.966666666666667,2.5,8.299999999999999,,72.03333333333333,50.26666666666667,0.03,0.0,0.0,0.0,0.0,0.0,0.0,0.0
2015-09-21,09,62.1,49.300000000000004,1020.2,997.4,9.833333333333334,4.033333333333333,9.0,,73.13333333333334,50.26666666666667,0.0,0.0,0.0,0.0,0.0,0.0,0.0,0.0
2015-09-22,09,64.93333333333332,51.166666666666664,1020.8499999999999,998.1,9.6,3.033333333333333,7.3,,79.8,52.5,0.0,0.0,0.0,0.0,0.0,0.0,0.0,0.0
2015-09-23,09,68.06666666666666,51.800000000000004,1023.4000000000001,1000.6999999999999,10.0,3.3333333333333335,10.299999999999999,,80.10000000000001,53.23333333333333,0.0,0.0,0.0,0.0,0.0,0.0,0.0,0.0
2015-09-24,09,67.03333333333335,56.03333333333333,1023.75,1000.9333333333334,9.933333333333334,4.366666666666666,9.233333333333334,,79.8,56.4,0.0,0.0,0.0,0.0,0.0,0.0,0.0,0.0
2015-09-25,09,67.0,58.73333333333333,1023.35,1000.4666666666667,9.766666666666667,6.233333333333333,13.0,15.9,77.43333333333334,56.76666666666667,0.0,0.0,0.0,0.0,0.0,0.0,0.0,0.0
2015-09-26,09,67.43333333333334,57.699999999999996,1023.2,1000.4,9.766666666666667,6.466666666666666,12.033333333333333,14.0,75.66666666666667,58.36666666666667,0.0,0.0,0.0,0.0,0.0,0.0,0.0,0.0
2015-09-27,09,68.33333333333333,58.9,1019.3,996.8666666666667,9.966666666666667,5.666666666666667,7.966666666666666,,75.66666666666667,58.36666666666667,0.0,0.0,0.0,0.0,0.0,0.0,0.0,0.0
2015-09-28,09,70.43333333333334,63.26666666666667,1015.4000000000001,993.0333333333333,10.0,4.166666666666667,7.966666666666666,,78.7,63.20000000000001,0.0,0.0,0.0,0.0,0.0,0.0,0.0,0.0
2015-09-29,09,66.0,59.63333333333333,1014.7,992.4666666666667,9.333333333333334,8.733333333333334,19.0,26.666666666666668,78.7,59.36666666666667,0.0,0.0,0.0,1.0,0.0,0.0,0.0,0.0
2015-09-30,09,58.166666666666664,45.0,1021.5,998.1,10.0,13.866666666666667,19.366666666666667,25.7,67.10000000000001,54.5,0.13333333333333333,0.0,0.0,0.0,0.0,0.0,0.0,0.0
2015-10-01,10,55.73333333333333,41.833333333333336,1025.1,1001.8666666666667,10.0,14.533333333333333,22.366666666666664,29.333333333333332,61.76666666666667,51.86666666666667,0.0,0.0,0.0,0.0,0.0,0.0,0.0,0.0
2015-10-02,10,55.166666666666664,40.666666666666664,1026.65,1003.1999999999999,10.0,16.466666666666665,22.03333333333333,28.599999999999998,60.76666666666667,51.26666666666667,0.0,0.0,0.0,0.0,0.0,0.0,0.0,0.0
2015-10-03,10,52.23333333333333,39.333333333333336,1023.75,1000.1,9.6,15.433333333333332,19.7,28.599999999999998,58.833333333333336,48.43333333333334,0.01,0.0,0.0,1.0,0.0,0.0,0.0,0.0
2015-10-04,10,52.23333333333333,47.166666666666664,1022.2,998.8000000000001,9.733333333333333,10.566666666666666,16.966666666666665,24.366666666666664,58.26666666666667,47.9,0.015,0.0,0.0,1.0,0.0,0.0,0.0,0.0
2015-10-05,10,57.46666666666667,53.73333333333333,1021.55,998.4,7.333333333333333,6.533333333333334,10.666666666666666,15.0,60.03333333333333,52.166666666666664,0.0,0.0,0.0,0.0,0.0,0.0,0.0,0.0
2015-10-06,10,59.73333333333333,54.43333333333334,1020.6,997.7666666666668,7.133333333333333,4.366666666666667,7.633333333333333,,67.39999999999999,56.1,0.0,0.0,0.0,1.0,0.0,0.0,0.0,0.0
2015-10-07,10,60.5,53.96666666666667,1019.8,997.0,7.833333333333333,4.766666666666667,11.0,14.0,71.46666666666665,53.03333333333333,0.0,0.0,0.0,0.0,0.0,0.0,0.0,0.0
2015-10-08,10,62.4,52.300000000000004,1016.5999999999999,994.0,9.966666666666667,6.766666666666667,15.033333333333333,20.666666666666668,78.10000000000001,50.6,0.0,0.0,0.0,0.0,0.0,0.0,0.0,0.0
2015-10-09,10,61.06666666666666,51.699999999999996,1017.1500000000001,993.9666666666667,9.833333333333334,9.633333333333333,14.966666666666667,21.333333333333332,78.10000000000001,50.6,0.05000000000000001,0.0,0.0,1.0,0.0,0.0,0.0,0.0
2015-10-10,10,53.6,42.86666666666667,1022.0,998.9333333333334,9.799999999999999,4.2,11.1,14.0,65.83333333333333,41.5,0.0,0.0,0.0,0.0,0.0,0.0,0.0,0.0
2015-10-11,10,60.9,45.43333333333334,1010.8499999999999,988.5,10.0,9.066666666666668,16.3,24.03333333333333,79.0,41.5,0.0,0.0,0.0,0.0,0.0,0.0,0.0,0.0
2015-10-12,10,66.73333333333333,47.86666666666667,1000.6500000000001,978.7333333333332,10.0,11.933333333333332,20.666666666666668,32.63333333333333,79.0,50.5,0.0,0.0,0.0,0.0,0.0,0.0,0.0,0.0
2015-10-13,10,56.63333333333333,40.9,1003.8,981.2333333333332,10.0,11.233333333333334,21.066666666666666,29.633333333333336,75.3,49.76666666666667,0.0,0.0,0.0,0.0,0.0,0.0,0.0,0.0
2015-10-14,10,52.9,39.5,1013.45,990.3333333333334,10.0,5.8999999999999995,9.966666666666667,15.0,63.56666666666666,43.0,0.0,0.0,0.0,0.0,0.0,0.0,0.0,0.0
2015-10-15,10,54.76666666666667,36.06666666666666,1015.65,992.7666666666668,10.0,8.200000000000001,19.366666666666667,28.066666666666666,69.76666666666667,42.1,0.0,0.0,0.0,0.0,0.0,0.0,0.0,0.0
2015-10-16,10,49.9,29.566666666666666,1022.85,999.5,9.966666666666667,8.433333333333334,16.333333333333332,22.899999999999995,69.76666666666667,41.5,0.0,0.0,0.0,0.0,0.0,0.0,0.0,0.0
2015-10-17,10,43.53333333333333,22.666666666666668,1029.1,1005.2666666666668,10.0,8.066666666666666,12.666666666666666,19.033333333333335,55.300000000000004,34.6,0.0,0.0,0.0,0.0,0.0,0.0,0.0,0.0
2015-10-18,10,44.76666666666667,26.866666666666664,1030.65,1006.9666666666667,10.0,3.1333333333333333,7.966666666666666,14.0,60.03333333333333,32.733333333333334,0.0,0.0,0.0,0.0,0.0,0.0,0.0,0.0
2015-10-19,10,54.63333333333333,29.866666666666664,1022.55,999.7666666666668,10.0,12.799999999999999,21.633333333333336,31.0,73.06666666666666,32.733333333333334,0.0,0.0,0.0,0.0,0.0,0.0,0.0,0.0
2015-10-20,10,63.800000000000004,36.43333333333333,1017.65,995.1999999999999,10.0,11.633333333333333,17.666666666666668,26.266666666666666,75.96666666666667,43.76666666666667,0.0,0.0,0.0,0.0,0.0,0.0,0.0,0.0
2015-10-21,10,64.26666666666667,49.63333333333333,1018.55,996.0666666666666,9.966666666666667,9.366666666666667,16.733333333333334,24.76666666666667,76.39999999999999,52.800000000000004,0.07666666666666666,0.0,0.0,1.0,0.0,0.0,0.0,0.0
2015-10-22,10,60.36666666666667,49.06666666666666,1022.3,999.3333333333334,10.0,6.466666666666666,9.9,14.0,76.39999999999999,53.833333333333336,0.0033333333333333335,0.0,0.0,0.0,0.0,0.0,0.0,0.0
2015-10-23,10,55.53333333333333,43.36666666666667,1022.15,999.1666666666666,9.966666666666667,8.633333333333333,14.966666666666667,19.05,62.9,50.93333333333334,0.0,0.0,0.0,1.0,0.0,0.0,0.0,0.0
2015-10-24,10,62.93333333333334,57.166666666666664,1010.9,988.2666666666668,9.233333333333333,12.066666666666668,21.7,32.1,67.39999999999999,51.23333333333333,0.15666666666666665,0.0,0.0,1.0,0.0,0.0,0.0,0.0
2015-10-25,10,51.9,38.86666666666667,1025.1,1001.0333333333333,9.866666666666667,5.7,16.0,22.333333333333332,67.39999999999999,39.56666666666667,0.265,0.0,0.0,0.0,0.0,0.0,0.0,0.0
2015-10-26,10,49.26666666666667,37.63333333333333,1028.55,1005.1,10.0,3.6999999999999997,9.9,,62.5,37.5,0.0,0.0,0.0,0.0,0.0,0.0,0.0,0.0
2015-10-27,10,53.06666666666666,41.766666666666666,1022.7,999.6333333333333,9.833333333333334,8.933333333333334,17.033333333333335,22.666666666666668,61.833333333333336,37.5,0.0033333333333333335,0.0,0.0,1.0,0.0,0.0,0.0,0.0
2015-10-28,10,53.166666666666664,50.36666666666667,1001.95,978.4666666666667,5.733333333333333,11.833333333333334,20.033333333333335,31.266666666666666,57.300000000000004,45.86666666666667,0.48666666666666664,0.0,0.0,1.0,0.0,0.0,0.0,0.0
2015-10-29,10,41.06666666666667,32.36666666666667,1003.9000000000001,980.6,10.0,15.366666666666667,20.666666666666668,31.366666666666664,57.300000000000004,36.5,0.10000000000000002,0.0,0.0,1.0,0.0,0.0,0.0,0.0
2015-10-30,10,45.63333333333333,36.766666666666666,1017.95,994.3000000000001,9.966666666666667,4.633333333333334,10.6,14.0,56.23333333333333,35.666666666666664,0.0,0.0,0.0,1.0,0.0,0.0,0.0,0.0
2015-10-31,10,47.29999999999999,41.4,1014.4000000000001,990.3666666666667,7.566666666666666,8.533333333333333,13.333333333333334,20.266666666666666,56.23333333333333,35.666666666666664,0.14,0.0,0.0,1.0,0.0,0.0,0.0,0.0
2015-11-01,11,53.4,43.5,1010.9,987.6333333333333,9.766666666666667,10.066666666666668,16.0,21.7,64.10000000000001,44.73333333333333,0.2733333333333333,0.0,0.0,0.0,0.0,0.0,0.0,0.0
2015-11-02,11,57.833333333333336,43.73333333333333,1014.5,991.8666666666667,10.0,8.033333333333333,15.6,21.633333333333336,72.33333333333333,44.53333333333333,0.0,0.0,0.0,0.0,0.0,0.0,0.0,0.0
2015-11-03,11,58.13333333333333,48.13333333333333,1017.85,995.1,9.933333333333334,5.566666666666666,11.333333333333334,,72.33333333333333,45.1,0.0,0.0,0.0,0.0,0.0,0.0,0.0,0.0
2015-11-04,11,57.63333333333333,52.199999999999996,1019.0,996.5,7.233333333333333,5.0,13.299999999999999,17.1,72.2,45.1,0.01,0.0,1.0,0.0,0.0,0.0,0.0,0.0
2015-11-05,11,64.06666666666666,56.6,1015.75,993.2333333333332,9.6,9.799999999999999,20.0,27.633333333333336,71.23333333333333,52.03333333333333,0.0,0.0,0.0,1.0,0.0,0.0,0.0,0.0
2015-11-06,11,55.699999999999996,48.166666666666664,1012.9000000000001,988.6999999999999,9.366666666666667,15.066666666666668,23.0,32.06666666666667,68.8,45.03333333333333,0.32,0.0,0.0,1.0,0.0,0.0,0.0,0.0
2015-11-07,11,45.06666666666666,34.333333333333336,1024.25,1000.6666666666666,9.866666666666667,8.200000000000001,17.1,22.899999999999995,65.7,36.266666666666666,0.0,0.0,0.0,0.0,0.0,0.0,0.0,0.0
2015-11-08,11,41.86666666666667,27.666666666666668,1029.85,1006.1666666666666,9.766666666666667,3.6666666666666665,8.299999999999999,,53.96666666666667,29.766666666666666,0.0,0.0,0.0,0.0,0.0,0.0,0.0,0.0
2015-11-09,11,42.300000000000004,28.53333333333333,1025.35,1001.7999999999998,9.4,2.2666666666666666,7.0,,55.56666666666666,29.3,0.0,0.0,0.0,0.0,0.0,0.0,0.0,0.0
2015-11-10,11,46.300000000000004,33.766666666666666,1019.7,996.3333333333334,9.666666666666666,2.5666666666666664,6.666666666666667,,56.76666666666667,29.96666666666667,0.0,0.0,0.0,0.0,0.0,0.0,0.0,0.0
2015-11-11,11,48.53333333333333,35.96666666666667,1011.9,989.0666666666666,9.966666666666667,7.7,19.366666666666667,28.3,63.333333333333336,34.43333333333333,0.0,0.0,0.0,0.0,0.0,0.0,0.0,0.0
2015-11-12,11,48.96666666666667,41.53333333333333,998.8,975.1,8.566666666666668,19.933333333333334,29.566666666666663,41.93333333333333,63.333333333333336,38.03333333333333,0.6533333333333333,0.0,0.0,1.0,0.0,0.0,1.0,0.0
2015-11-13,11,42.333333333333336,27.233333333333334,1014.85,991.3666666666667,10.0,16.733333333333334,24.03333333333333,35.03333333333333,53.699999999999996,35.833333333333336,0.0033333333333333335,0.0,0.0,0.0,0.0,0.0,0.0,0.0
2015-11-14,11,39.800000000000004,25.96666666666667,1024.3,1000.6666666666666,10.0,6.766666666666667,15.666666666666666,21.633333333333336,56.93333333333334,26.599999999999998,0.0,0.0,0.0,0.0,0.0,0.0,0.0,0.0
2015-11-15,11,52.13333333333333,33.46666666666667,1023.0,999.9333333333334,10.0,8.366666666666667,13.666666666666666,20.0,64.8,32.96666666666667,0.0,0.0,0.0,0.0,0.0,0.0,0.0,0.0
2015-11-16,11,51.199999999999996,34.63333333333333,1020.9000000000001,997.9333333333334,10.0,8.6,16.633333333333333,21.933333333333334,61.333333333333336,42.76666666666667,0.0,0.0,0.0,1.0,0.0,0.0,0.0,0.0
2015-11-17,11,51.6,47.333333333333336,1015.25,992.0333333333333,8.299999999999999,12.4,20.333333333333332,28.266666666666666,58.4,45.199999999999996,0.05333333333333334,0.0,0.0,1.0,0.0,0.0,0.0,0.0
2015-11-18,11,58.93333333333334,50.03333333333334,1001.5999999999999,979.4666666666667,9.566666666666666,18.099999999999998,26.633333333333336,38.333333333333336,62.1,47.699999999999996,0.5466666666666667,0.0,0.0,1.0,0.0,0.0,0.0,0.0
2015-11-19,11,45.300000000000004,31.433333333333334,1009.45,986.0,10.0,15.800000000000002,25.7,34.96666666666667,59.56666666666666,39.43333333333333,0.049999999999999996,0.0,0.0,0.0,0.0,0.0,0.0,0.0
2015-11-20,11,36.699999999999996,16.933333333333334,1023.05,999.4,10.0,9.466666666666667,14.633333333333333,20.0,48.5,29.766666666666666,0.0,0.0,0.0,0.0,0.0,0.0,0.0,0.0
2015-11-21,11,33.06666666666667,29.566666666666666,1019.8,995.9,2.9,9.033333333333333,20.366666666666667,28.366666666666664,41.666666666666664,27.066666666666666,0.27,6.5,1.0,1.0,1.0,0.0,0.0,0.0
2015-11-22,11,19.866666666666667,13.633333333333333,1022.4,998.1333333333333,9.866666666666667,7.133333333333333,15.333333333333334,21.0,34.300000000000004,9.366666666666667,0.52,4.5,0.0,0.0,0.0,0.0,0.0,0.0
2015-11-23,11,29.233333333333334,21.666666666666668,1017.75,993.7666666666668,10.0,8.633333333333333,11.4,15.9,38.1,9.366666666666667,0.0,3.55,0.0,0.0,0.0,0.0,0.0,0.0
2015-11-24,11,32.166666666666664,26.900000000000002,1025.1,1001.0,8.333333333333334,3.8333333333333335,9.666666666666666,,42.63333333333333,22.400000000000002,0.0,2.55,0.0,0.0,0.0,0.0,0.0,0.0
2015-11-25,11,41.266666666666666,31.866666666666664,1024.0,1000.5333333333333,9.866666666666667,9.633333333333335,16.400000000000002,21.96666666666667,50.6,22.400000000000002,0.0,2.15,0.0,0.0,0.0,0.0,0.0,0.0
2015-11-26,11,53.300000000000004,46.03333333333333,1023.0,1000.0333333333333,9.0,14.133333333333333,19.3,27.3,61.46666666666667,44.6,0.17,3.9,0.0,1.0,0.0,0.0,0.0,0.0
2015-11-27,11,47.23333333333333,43.300000000000004,1024.9,1001.4333333333334,6.166666666666667,13.766666666666666,19.666666666666668,27.666666666666668,61.300000000000004,36.800000000000004,0.9166666666666666,0.0,0.0,1.0,0.0,0.0,0.0,0.0
2015-11-28,11,37.56666666666667,30.2,1029.4,1005.1333333333333,10.0,11.033333333333333,15.9,24.366666666666664,39.300000000000004,35.166666666666664,0.13333333333333333,0.0,0.0,1.0,0.0,0.0,0.0,0.0
2015-11-29,11,35.03333333333333,27.5,1028.35,1004.1666666666666,10.0,6.066666666666666,9.966666666666667,15.9,41.666666666666664,27.8,0.0,0.0,0.0,0.0,0.0,0.0,0.0,0.0
2015-11-30,11,40.233333333333334,30.0,1022.7,998.9666666666667,9.933333333333334,8.299999999999999,12.633333333333333,15.55,45.36666666666667,27.8,0.0033333333333333335,0.0,0.0,1.0,0.0,0.0,0.0,0.0
2015-12-01,12,42.5,36.13333333333333,1010.9000000000001,987.8666666666667,7.433333333333334,9.566666666666666,18.733333333333334,23.400000000000002,45.36666666666667,36.9,0.37,0.0,0.0,1.0,0.0,0.0,1.0,0.0
2015-12-02,12,35.36666666666667,30.833333333333332,1009.9,985.7666666666668,7.3999999999999995,7.0,12.366666666666667,18.1,43.166666666666664,31.766666666666666,0.04666666666666667,0.0,1.0,1.0,1.0,0.0,0.0,0.0
2015-12-03,12,33.166666666666664,27.8,1022.2,998.4,8.733333333333333,8.266666666666667,13.0,15.9,38.1,29.633333333333336,0.07333333333333333,0.0,0.0,0.0,0.0,0.0,0.0,0.0
2015-12-04,12,36.63333333333333,32.13333333333333,1032.45,1008.4,6.633333333333333,8.633333333333333,13.0,17.666666666666668,45.43333333333334,29.633333333333336,0.0,0.0,0.0,0.0,0.0,0.0,0.0,0.0
2015-12-05,12,35.06666666666666,31.666666666666668,1036.05,1012.6,4.6000000000000005,6.766666666666666,9.966666666666667,14.0,45.43333333333334,29.099999999999998,0.0,0.0,1.0,0.0,0.0,0.0,0.0,0.0
2015-12-06,12,36.63333333333333,31.633333333333336,1028.1,1004.3499999999999,7.2,5.266666666666667,9.266666666666667,,47.26666666666667,28.46666666666667,0.0,0.0,0.0,0.0,0.0,0.0,0.0,0.0
2015-12-07,12,34.800000000000004,32.666666666666664,1023.5,999.6999999999999,3.8333333333333335,3.466666666666667,9.966666666666667,15.9,47.26666666666667,28.233333333333334,0.0,0.0,1.0,0.0,0.0,0.0,0.0,0.0
2015-12-08,12,40.56666666666666,36.63333333333333,1014.5,991.9666666666667,6.3,9.5,14.0,19.333333333333332,46.199999999999996,28.599999999999998,0.0,0.0,0.0,1.0,0.0,0.0,0.0,0.0
2015-12-09,12,46.73333333333333,40.36666666666667,1006.55,983.4666666666667,9.0,8.033333333333333,12.033333333333333,14.0,53.199999999999996,39.666666666666664,0.0,0.0,0.0,0.0,0.0,0.0,0.0,0.0
2015-12-10,12,48.1,38.4,1003.75,980.1666666666666,10.0,12.299999999999999,25.400000000000002,34.733333333333334,57.93333333333334,39.800000000000004,0.0,0.0,0.0,0.0,0.0,0.0,0.0,0.0
2015-12-11,12,46.86666666666667,35.333333333333336,1006.3499999999999,983.5666666666666,10.0,8.1,13.633333333333333,19.7,57.93333333333334,39.4,0.0,0.0,0.0,0.0,0.0,0.0,0.0,0.0
2015-12-12,12,53.53333333333333,49.199999999999996,1011.75,988.8333333333334,5.133333333333333,4.3999999999999995,7.633333333333333,,58.56666666666666,44.800000000000004,0.0,0.0,1.0,1.0,0.0,0.0,0.0,0.0
2015-12-13,12,58.36666666666667,55.43333333333334,1010.1,988.4666666666667,6.900000000000001,8.5,15.666666666666666,23.7,62.53333333333333,51.1,0.14333333333333334,0.0,0.0,1.0,0.0,0.0,0.0,0.0
2015-12-14,12,55.333333333333336,50.76666666666667,993.7,971.9666666666667,8.933333333333334,14.9,29.333333333333332,39.300000000000004,62.53333333333333,46.26666666666667,0.8266666666666667,0.0,0.0,1.0,0.0,0.0,0.0,0.0
2015-12-15,12,42.1,36.333333333333336,1009.05,983.9,9.733333333333334,7.633333333333333,15.700000000000001,21.96666666666667,56.0,40.03333333333333,0.09666666666666668,0.0,0.0,1.0,0.0,0.0,0.0,0.0
2015-12-16,12,43.93333333333334,38.5,1007.7,984.5,9.200000000000001,11.6,21.033333333333335,29.23333333333333,53.46666666666667,40.63333333333333,0.049999999999999996,0.0,0.0,1.0,0.0,0.0,0.0,0.0
2015-12-17,12,34.199999999999996,24.03333333333333,1010.2,986.1999999999999,10.0,14.366666666666667,20.666666666666668,27.633333333333336,53.46666666666667,30.166666666666668,0.06999999999999999,0.0,0.0,0.0,0.0,0.0,0.0,0.0
2015-12-18,12,28.666666666666668,17.5,1015.2,991.3666666666667,10.0,10.633333333333333,20.666666666666668,27.633333333333336,34.300000000000004,25.366666666666664,0.0,0.0,0.0,0.0,0.0,0.0,0.0,0.0
2015-12-19,12,24.599999999999998,12.966666666666667,1025.15,1000.5333333333334,9.9,10.433333333333332,16.400000000000002,22.3,32.36666666666667,16.533333333333335,0.0,0.0,0.0,0.0,1.0,0.0,0.0,0.0
2015-12-20,12,35.36666666666667,22.833333333333332,1022.4000000000001,998.8333333333334,10.0,10.933333333333332,20.7,29.23333333333333,49.833333333333336,16.533333333333335,0.0,0.0,0.0,0.0,0.0,0.0,0.0,0.0
2015-12-21,12,46.633333333333326,39.6,1009.2,985.8000000000001,8.166666666666666,13.833333333333334,20.333333333333332,28.7,53.199999999999996,37.03333333333333,0.25666666666666665,0.0,0.0,1.0,0.0,0.0,0.0,0.0
2015-12-22,12,40.63333333333333,37.699999999999996,1010.15,986.5666666666666,5.8,6.3,12.333333333333334,15.9,53.199999999999996,36.03333333333333,0.25666666666666665,0.0,0.0,1.0,0.0,0.0,0.0,0.0
2015-12-23,12,48.76666666666667,46.26666666666667,1000.0,977.2333333333332,4.3999999999999995,11.1,23.0,35.6,60.43333333333334,36.03333333333333,0.01,0.0,1.0,1.0,0.0,0.0,1.0,0.0
2015-12-24,12,42.833333333333336,34.9,1006.15,982.4,10.0,14.766666666666666,30.0,41.699999999999996,59.4,34.46666666666667,0.6566666666666666,0.0,0.0,0.0,0.0,0.0,0.0,0.0
2015-12-25,12,39.86666666666667,33.233333333333334,1022.2,998.2666666666668,9.799999999999999,5.5,12.0,15.9,44.43333333333334,33.93333333333333,0.0,0.0,0.0,0.0,0.0,0.0,0.0,0.0
2015-12-26,12,40.166666666666664,34.9,1023.9,999.6999999999999,8.166666666666666,8.466666666666667,14.0,20.0,44.9,33.93333333333333,0.03333333333333333,0.0,0.0,1.0,0.0,0.0,0.0,0.0
2015-12-27,12,40.233333333333334,36.53333333333333,1021.95,997.3333333333334,6.833333333333333,12.766666666666666,21.333333333333332,30.633333333333336,44.13333333333333,35.5,0.4366666666666667,0.0,0.0,1.0,0.0,0.0,0.0,0.0
2015-12-28,12,34.36666666666667,28.166666666666668,1023.0,996.8666666666667,6.866666666666667,16.7,23.366666666666664,33.266666666666666,40.766666666666666,31.266666666666666,0.02,2.0,0.0,1.0,1.0,0.0,0.0,0.0
2015-12-29,12,34.6,31.0,1009.25,984.1333333333333,8.200000000000001,12.166666666666666,19.7,25.933333333333334,40.699999999999996,31.2,1.7,1.2,0.0,1.0,1.0,0.0,0.0,0.0
2015-12-30,12,29.766666666666666,23.833333333333332,1022.3,998.4333333333334,8.9,6.766666666666667,11.633333333333333,17.1,39.96666666666667,28.099999999999998,0.0,2.95,1.0,0.0,1.0,0.0,0.0,0.0
2015-12-31,12,28.0,21.5,1024.4,1000.1666666666666,9.533333333333333,8.133333333333333,10.700000000000001,17.1,28.9,28.1,0.0,2.55,0.0,0.0,0.0,0.0,0.0,0.0
