day_of_week,temp,crime_count
1,26.6,0.3654390934844193
2,32.6,0.29178470254957506
1,9.466666666666669,0.1274787535410765
2,5.833333333333333,0.28895184135977336
6,26.366666666666664,0.29745042492917845
3,25.133333333333336,0.17563739376770537
7,17.7,0.18980169971671387
5,9.5,0.36827195467422097
4,21.266666666666666,0.6175637393767706
1,27.933333333333334,0.46742209631728043
2,34.86666666666667,0.5552407932011332
6,37.43333333333333,0.43342776203966005
3,32.03333333333333,0.46458923512747874
7,35.0,0.7025495750708215
5,32.63333333333333,0.5694050991501416
4,31.03333333333333,0.5864022662889519
1,30.766666666666666,0.7223796033994334
2,33.6,0.5977337110481586
6,32.56666666666667,0.28611898016997167
3,24.1,0.31444759206798867
7,27.83333333333333,0.36827195467422097
5,26.2,0.28895184135977336
4,34.43333333333333,0.45325779036827196
1,28.666666666666668,0.47875354107648727
2,28.366666666666664,0.2577903682719547
6,30.8,0.05099150141643059
5,24.0,0.0906515580736544
4,9.433333333333334,0.0764872521246459
1,17.8,0.43059490084985835
2,30.600000000000005,0.37960339943342775
6,37.06666666666667,0.19830028328611898
3,27.83333333333333,0.17563739376770537
7,26.866666666666664,0.23796033994334279
5,31.2,0.17280453257790368
4,17.599999999999998,0.18696883852691218
1,12.1,0.24645892351274787
2,20.33333333333333,0.14730878186968838
6,5.833333333333333,0.019830028328611898
7,16.53333333333333,0.14730878186968838
1,4.2,0.3031161473087819
2,22.0,0.3031161473087819
6,23.6,0.13314447592067988
3,6.6000000000000005,0.0764872521246459
7,11.733333333333334,0.23512747875354106
5,22.8,0.0764872521246459
1,7.766666666666667,0.26345609065155806
2,6.633333333333333,0.0
6,20.2,0.603399433427762
3,21.266666666666666,0.32011331444759206
7,29.23333333333333,0.2577903682719547
5,26.100000000000005,0.04815864022662889
4,14.066666666666668,0.19263456090651557
1,12.233333333333334,0.4730878186968839
2,32.300000000000004,0.43059490084985835
6,35.36666666666667,0.22662889518413598
3,36.9,0.5127478753541076
7,41.5,0.5920679886685553
5,41.833333333333336,0.5694050991501416
4,41.73333333333333,0.5864022662889519
1,47.73333333333333,0.7620396600566572
2,50.4,0.71671388101983
6,45.2,0.6628895184135978
3,58.93333333333334,0.6628895184135978
7,43.8,0.4164305949008499
5,36.6,0.41076487252124644
4,42.76666666666667,0.48725212464589235
1,42.5,0.6572237960339944
2,42.06666666666667,0.40793201133144474
6,33.5,0.31444759206798867
3,30.366666666666664,0.13314447592067988
7,30.3,0.26628895184135976
5,38.833333333333336,0.5070821529745042
4,38.36666666666667,0.3937677053824363
1,29.866666666666664,0.5127478753541076
2,27.633333333333336,0.31728045325779036
6,32.46666666666667,0.2096317280453258
3,47.13333333333333,0.49291784702549574
7,49.0,0.4192634560906516
4,58.56666666666666,0.7053824362606232
1,49.76666666666667,0.46742209631728043
2,40.66666666666666,0.42209631728045327
6,53.8,0.3626062322946176
3,50.93333333333334,0.37110481586402266
7,42.03333333333333,0.1643059490084986
5,46.16666666666666,0.37960339943342775
4,53.16666666666666,0.29178470254957506
1,54.13333333333333,0.47875354107648727
2,48.63333333333333,0.49575070821529743
6,55.43333333333334,0.6458923512747875
3,61.2,0.5382436260623229
7,56.46666666666667,0.6288951841359773
5,54.43333333333334,0.7280453257790368
4,53.86666666666667,0.40509915014164305
1,60.06666666666666,0.6798866855524079
2,59.7,0.6345609065155807
6,56.2,0.4475920679886686
3,50.0,0.5609065155807366
7,45.93333333333334,0.3342776203966006
5,40.76666666666667,0.3881019830028329
4,42.73333333333333,0.5297450424929179
1,45.13333333333333,0.6118980169971672
2,44.63333333333333,0.42492917847025496
6,45.2,0.49008498583569404
3,46.86666666666667,0.4985835694050991
7,46.66666666666666,0.49291784702549574
5,49.76666666666667,0.6260623229461756
4,45.93333333333334,0.34277620396600567
2,62.3,0.40226628895184136
6,67.63333333333334,0.56657223796034
3,66.2,0.6628895184135978
7,54.13333333333333,0.43059490084985835
5,58.2,0.5495750708215298
4,68.89999999999999,0.7960339943342776
1,71.66666666666667,0.7422096317280453
2,59.26666666666667,0.39660056657223797
6,48.56666666666666,0.5552407932011332
3,57.63333333333333,0.5779036827195467
7,53.13333333333333,0.6005665722379604
5,48.13333333333333,0.6317280453257791
4,52.76666666666667,0.5949008498583569
1,65.43333333333334,0.7847025495750708
2,70.33333333333333,0.9546742209631728
6,72.86666666666667,0.8243626062322946
3,73.06666666666666,0.603399433427762
7,50.96666666666667,0.46175637393767704
5,44.43333333333334,0.5240793201133145
4,52.2,0.56657223796034
1,58.56666666666666,0.7903682719546742
2,62.8,0.71671388101983
6,67.46666666666665,0.40226628895184136
3,72.83333333333333,0.46175637393767704
7,71.46666666666665,0.6373937677053825
5,69.66666666666667,0.546742209631728
4,69.66666666666667,0.7223796033994334
1,73.56666666666666,0.8016997167138811
2,65.06666666666666,0.49291784702549574
6,47.76666666666667,0.34277620396600567
7,55.86666666666667,0.6430594900849859
5,62.66666666666666,0.6628895184135978
4,69.0,0.4985835694050991
1,64.96666666666665,0.6827195467422096
2,60.4,0.603399433427762
6,65.7,0.5524079320113314
3,73.03333333333333,0.3881019830028329
7,69.56666666666666,0.5297450424929179
5,79.93333333333334,0.7025495750708215
4,70.26666666666667,0.7337110481586402
1,64.93333333333334,0.8016997167138811
2,67.26666666666667,0.7592067988668555
6,74.63333333333334,0.7138810198300283
3,75.2,0.5524079320113314
7,68.39999999999999,0.8555240793201133
5,61.9,0.5042492917847026
4,72.60000000000001,0.6317280453257791
1,61.73333333333333,0.6487252124645893
2,65.06666666666666,0.6260623229461756
6,74.93333333333334,0.6742209631728046
3,76.16666666666667,0.6657223796033994
7,75.83333333333333,0.5297450424929179
5,70.56666666666666,0.5184135977337111
4,71.73333333333333,0.6770538243626062
1,64.66666666666667,0.6770538243626062
2,64.7,0.5042492917847026
6,67.53333333333333,0.7138810198300283
3,68.6,0.5864022662889519
7,69.06666666666666,0.5779036827195467
5,61.3,0.9773371104815864
4,61.53333333333333,0.6005665722379604
1,65.7,0.6317280453257791
2,69.73333333333333,0.8498583569405099
6,73.33333333333333,1.0
3,75.36666666666667,0.6005665722379604
7,67.8,0.44192634560906513
5,60.76666666666667,0.49008498583569404
4,64.7,0.3597733711048159
1,68.86666666666666,0.5495750708215298
2,70.73333333333333,0.71671388101983
6,73.39999999999999,0.7252124645892352
3,76.03333333333335,0.6713881019830028
7,76.10000000000001,0.4702549575070821
5,66.53333333333333,0.7082152974504249
4,67.10000000000001,0.3626062322946176
1,78.63333333333333,0.7932011331444759
2,80.26666666666667,0.6543909348441926
6,79.89999999999999,0.6203966005665722
3,75.03333333333333,0.660056657223796
7,75.16666666666667,0.6572237960339944
5,73.5,0.6487252124645893
4,75.10000000000001,0.7507082152974505
1,76.16666666666667,0.9121813031161473
2,78.86666666666666,0.8130311614730878
6,75.53333333333335,0.7280453257790368
3,77.93333333333334,0.8215297450424929
7,80.2,0.6288951841359773
5,81.56666666666666,0.6203966005665722
4,77.7,0.6515580736543909
1,78.36666666666667,0.6713881019830028
6,80.10000000000001,0.7847025495750708
3,76.33333333333333,0.5212464589235127
7,72.53333333333335,0.6118980169971672
5,72.73333333333333,0.6430594900849859
4,73.73333333333333,0.7478753541076487
1,73.8,0.8328611898016998
2,75.93333333333334,0.8611898016997167
6,72.3,0.56657223796034
3,75.60000000000001,0.7478753541076487
7,72.96666666666667,0.6968838526912181
5,71.2,0.6090651558073654
4,73.26666666666667,0.6770538243626062
1,77.8,0.7450424929178471
2,76.3,0.7960339943342776
6,78.43333333333334,0.9065155807365439
3,78.39999999999999,0.5552407932011332
7,74.03333333333333,0.6147308781869688
5,72.66666666666667,0.7025495750708215
4,65.76666666666667,0.8356940509915014
1,68.83333333333333,0.886685552407932
2,72.23333333333333,0.8498583569405099
6,71.89999999999999,0.7393767705382436
3,65.83333333333333,0.5070821529745042
7,64.3,0.6288951841359773
5,62.833333333333336,0.6997167138810199
4,63.76666666666667,0.6203966005665722
1,66.33333333333333,0.7393767705382436
2,68.86666666666666,0.6118980169971672
6,69.63333333333334,0.7223796033994334
3,72.10000000000001,0.56657223796034
5,80.16666666666667,0.7252124645892352
4,81.23333333333333,0.9348441926345609
1,75.56666666666668,0.7648725212464589
2,74.8,0.6288951841359773
6,79.96666666666667,0.773371104815864
3,81.16666666666667,0.7450424929178471
7,77.86666666666666,0.48725212464589235
5,70.83333333333333,0.4702549575070821
4,64.43333333333334,0.32294617563739375
1,62.13333333333333,0.41359773371104813
2,57.833333333333336,0.5070821529745042
6,58.66666666666666,0.5354107648725213
3,64.63333333333334,0.6968838526912181
7,71.89999999999999,0.7592067988668555
5,70.39999999999999,0.6260623229461756
4,72.13333333333334,0.48725212464589235
1,73.06666666666666,0.6968838526912181
2,66.06666666666666,0.6997167138810199
6,60.4,0.7535410764872521
3,62.1,0.5382436260623229
7,64.93333333333332,0.6572237960339944
5,68.06666666666666,0.8186968838526912
4,67.03333333333335,0.49008498583569404
1,67.0,0.7535410764872521
2,67.43333333333334,0.6997167138810199
6,68.33333333333333,0.7308781869688386
3,70.43333333333334,0.5892351274787535
7,66.0,0.35410764872521244
5,58.16666666666666,0.37677053824362605
4,55.73333333333333,0.9773371104815864
1,55.16666666666666,0.7195467422096318
2,52.23333333333333,0.46458923512747874
6,52.23333333333333,0.3087818696883853
3,57.46666666666667,0.5949008498583569
7,59.73333333333333,0.5864022662889519
5,60.5,0.49008498583569404
4,62.4,0.44192634560906513
1,61.06666666666666,0.7082152974504249
2,53.6,0.5212464589235127
6,60.9,0.5382436260623229
3,66.73333333333333,0.5297450424929179
7,56.63333333333333,0.5552407932011332
5,52.9,0.6203966005665722
4,54.76666666666667,0.7677053824362606
1,49.9,0.5354107648725213
2,43.53333333333333,0.45609065155807366
6,44.76666666666667,0.36827195467422097
3,54.63333333333333,0.6883852691218131
7,63.8,0.6798866855524079
5,64.26666666666667,0.7053824362606232
4,60.36666666666667,0.6487252124645893
1,55.53333333333333,0.6572237960339944
2,62.93333333333334,0.623229461756374
6,51.9,0.5184135977337111
3,49.26666666666667,0.6685552407932012
7,53.06666666666666,0.3002832861189802
5,53.16666666666666,0.3881019830028329
4,41.06666666666667,0.35127478753541075
1,45.63333333333333,0.6543909348441926
2,47.29999999999999,0.4985835694050991
3,57.833333333333336,0.6798866855524079
7,58.13333333333333,0.5779036827195467
5,57.63333333333333,0.6968838526912181
4,64.06666666666666,0.5920679886685553
1,55.7,0.5722379603399433
2,45.06666666666666,0.41359773371104813
6,41.86666666666667,0.45325779036827196
3,42.3,0.3937677053824363
7,46.3,0.26912181303116145
5,48.53333333333333,0.40509915014164305
4,48.96666666666667,0.4192634560906516
1,42.333333333333336,0.37960339943342775
2,39.8,0.42776203966005666
6,52.13333333333333,0.5014164305949008
3,51.2,0.5637393767705382
7,51.6,0.34844192634560905
5,58.93333333333334,0.3937677053824363
4,45.3,0.42776203966005666
1,36.7,0.47875354107648727
3,29.23333333333333,0.29745042492917845
7,32.166666666666664,0.17563739376770537
5,41.266666666666666,0.21246458923512748
4,53.3,0.1274787535410765
1,47.23333333333333,0.19263456090651557
2,37.56666666666667,0.32011331444759206
6,35.03333333333333,0.18980169971671387
3,40.23333333333333,0.34844192634560905
7,42.5,0.7138810198300283
5,35.36666666666667,0.48441926345609065
4,33.166666666666664,0.46742209631728043
1,36.63333333333333,0.43909348441926344
2,35.06666666666666,0.45892351274787535
6,36.63333333333333,0.40226628895184136
3,34.800000000000004,0.40793201133144474
7,40.56666666666666,0.5325779036827195
5,46.73333333333333,0.39660056657223797
4,48.1,0.41359773371104813
1,46.86666666666667,0.5580736543909348
2,53.53333333333333,0.5864022662889519
6,58.36666666666667,0.3002832861189802
3,55.333333333333336,0.5495750708215298
7,42.1,0.7053824362606232
5,43.93333333333334,0.5014164305949008
4,34.2,0.5184135977337111
1,28.666666666666668,0.3059490084985836
2,24.6,0.34277620396600567
6,35.36666666666667,0.4192634560906516
3,46.633333333333326,0.29745042492917845
7,40.63333333333333,0.42209631728045327
5,48.76666666666667,0.5920679886685553
4,42.833333333333336,0.36827195467422097
2,40.16666666666666,0.26912181303116145
6,40.23333333333333,0.23229461756373937
7,34.6,0.2237960339943343
5,29.766666666666666,0.1643059490084986
4,28.0,0.18696883852691218
2,27.766666666666666,0.018461538461538463
6,27.933333333333334,0.1476923076923077
3,27.73333333333333,0.1723076923076923
7,25.96666666666667,0.1753846153846154
5,29.03333333333333,0.17846153846153845
4,37.0,0.4246153846153846
1,40.13333333333333,0.5353846153846153
2,39.26666666666667,0.24615384615384617
6,20.566666666666663,0.08307692307692308
5,7.399999999999999,0.25846153846153846
4,31.8,0.5046153846153846
1,40.2,0.5046153846153846
2,29.766666666666666,0.2523076923076923
7,6.933333333333334,0.12307692307692308
5,17.433333333333334,0.15076923076923077
4,18.8,0.19692307692307692
1,25.066666666666663,0.40307692307692305
2,28.566666666666663,0.4676923076923077
6,27.633333333333336,0.3261538461538461
3,32.300000000000004,0.5353846153846153
7,33.36666666666667,0.2153846153846154
5,28.066666666666663,0.3046153846153846
4,34.6,0.56
1,29.633333333333336,0.5415384615384615
2,38.36666666666667,0.5323076923076923
6,43.3,0.2923076923076923
3,36.46666666666667,0.8707692307692307
7,35.53333333333333,0.13538461538461538
5,36.53333333333333,0.3446153846153846
4,27.4,0.3076923076923077
1,29.2,0.27692307692307694
2,30.866666666666664,0.38769230769230767
6,38.1,0.14461538461538462
3,31.6,0.0
4,14.566666666666668,0.036923076923076927
1,19.9,0.23692307692307693
2,10.833333333333334,0.08307692307692308
7,28.5,0.16923076923076924
5,29.633333333333336,0.21846153846153846
4,30.433333333333334,0.3415384615384615
1,48.53333333333333,0.6307692307692307
2,49.9,0.40615384615384614
6,40.66666666666666,0.42153846153846153
3,35.43333333333334,0.2123076923076923
7,36.13333333333333,0.18461538461538463
5,35.266666666666666,0.024615384615384615
4,33.43333333333333,0.39692307692307693
1,31.76666666666667,0.5230769230769231
2,35.800000000000004,0.37538461538461537
6,50.56666666666666,0.16923076923076924
3,42.03333333333333,0.23384615384615384
7,29.666666666666668,0.76
5,22.2,0.12
4,30.433333333333334,0.14461538461538462
1,30.96666666666667,0.4123076923076923
2,33.800000000000004,0.4
6,39.3,0.4430769230769231
3,51.03333333333333,0.6923076923076923
7,61.63333333333333,0.4707692307692308
5,61.7,0.3353846153846154
4,49.43333333333334,0.4492307692307692
1,42.86666666666667,0.5015384615384615
2,44.0,0.5415384615384615
6,47.9,0.17846153846153845
3,47.13333333333333,0.3507692307692308
7,50.93333333333334,0.44
5,54.03333333333333,0.5384615384615384
4,48.6,0.5169230769230769
1,42.0,0.68
2,38.63333333333333,0.39692307692307693
6,37.5,0.3569230769230769
3,38.53333333333333,0.39692307692307693
7,49.5,0.4676923076923077
5,44.56666666666666,0.3569230769230769
4,39.76666666666667,0.3292307692307692
1,35.23333333333333,0.4523076923076923
2,41.03333333333333,0.5076923076923077
6,48.96666666666667,0.18769230769230769
3,45.53333333333333,0.5261538461538462
7,43.86666666666667,0.52
5,49.6,0.4492307692307692
4,60.03333333333333,0.5661538461538461
1,44.833333333333336,0.796923076923077
2,35.93333333333333,0.24923076923076923
6,40.73333333333333,0.41846153846153844
3,40.6,0.28
7,34.56666666666667,0.3292307692307692
5,45.23333333333333,0.27692307692307694
4,40.46666666666667,0.5292307692307693
1,37.66666666666666,0.1723076923076923
2,30.5,0.36615384615384616
6,37.63333333333333,0.4123076923076923
3,48.56666666666666,0.3261538461538461
7,40.23333333333333,0.40307692307692305
5,42.96666666666667,0.4461538461538462
4,48.63333333333333,0.3723076923076923
1,53.93333333333334,0.7415384615384616
2,58.6,0.5046153846153846
6,63.2,0.4246153846153846
3,65.93333333333334,0.5169230769230769
7,54.76666666666667,0.40923076923076923
5,59.63333333333333,0.36923076923076925
4,61.93333333333334,0.4430769230769231
1,50.70000000000001,0.49538461538461537
2,48.0,0.38153846153846155
6,57.26666666666667,0.5723076923076923
3,70.0,0.5784615384615385
7,54.03333333333333,0.37846153846153846
5,45.6,0.28
4,46.66666666666666,0.49846153846153846
1,45.66666666666666,0.4584615384615385
2,45.6,0.1076923076923077
6,46.36666666666667,0.7692307692307693
3,49.03333333333333,0.5753846153846154
7,52.96666666666667,0.5076923076923077
5,51.8,0.3446153846153846
4,47.93333333333334,0.40307692307692305
1,58.56666666666666,0.6892307692307692
2,63.9,0.5292307692307693
6,54.56666666666666,0.48923076923076925
3,55.66666666666666,0.49846153846153846
7,56.1,0.44
5,59.96666666666667,0.5784615384615385
4,62.7,0.36923076923076925
1,58.26666666666667,0.7323076923076923
2,47.3,0.4707692307692308
6,45.56666666666666,0.52
3,55.06666666666666,0.6523076923076923
7,54.43333333333334,0.37538461538461537
5,52.333333333333336,0.7107692307692308
4,55.23333333333333,0.6
1,58.36666666666667,0.7230769230769231
2,62.03333333333333,0.683076923076923
6,64.43333333333334,0.5538461538461539
3,65.76666666666667,0.6523076923076923
7,72.7,0.7169230769230769
5,76.06666666666668,0.4646153846153846
4,71.89999999999999,0.6061538461538462
1,74.33333333333333,0.7076923076923077
2,73.7,0.68
6,73.39999999999999,0.7015384615384616
3,74.46666666666667,0.7692307692307693
7,72.96666666666667,0.5723076923076923
4,70.7,0.7076923076923077
1,70.56666666666666,0.7753846153846153
2,69.89999999999999,0.7907692307692308
6,68.83333333333333,0.6369230769230769
3,71.76666666666667,0.683076923076923
7,63.46666666666667,0.5661538461538461
5,60.26666666666667,0.5353846153846153
4,61.9,0.48307692307692307
1,75.5,0.6
2,83.5,0.7569230769230769
6,72.03333333333335,0.8676923076923077
3,68.89999999999999,0.6892307692307692
7,75.86666666666666,0.8153846153846154
5,79.10000000000001,0.676923076923077
4,74.60000000000001,0.7723076923076924
1,70.73333333333333,0.8
2,74.0,0.5938461538461538
6,78.13333333333334,0.7415384615384616
3,83.06666666666666,0.8830769230769231
7,75.93333333333334,0.7846153846153846
5,71.43333333333334,0.5507692307692308
4,71.3,0.7107692307692308
1,71.96666666666667,0.7292307692307692
2,77.36666666666667,0.7476923076923077
6,81.60000000000001,0.6307692307692307
3,80.3,0.6184615384615385
7,68.36666666666666,0.6061538461538462
5,66.56666666666666,0.72
4,69.96666666666667,0.8523076923076923
2,65.53333333333335,0.5723076923076923
6,68.0,0.6523076923076923
3,70.33333333333333,0.8553846153846154
7,75.33333333333333,1.0
5,77.60000000000001,0.5292307692307693
4,77.16666666666667,0.676923076923077
1,76.8,0.68
2,73.53333333333333,0.48923076923076925
6,72.26666666666667,0.5846153846153846
3,78.93333333333334,0.40307692307692305
7,81.43333333333334,0.6461538461538462
5,78.03333333333333,0.48
4,76.03333333333333,0.6123076923076923
1,71.86666666666666,0.8492307692307692
2,68.03333333333333,0.6461538461538462
6,71.39999999999999,0.6738461538461539
3,77.76666666666667,0.7046153846153846
7,77.96666666666665,0.68
5,79.10000000000001,0.7846153846153846
4,80.5,0.6615384615384615
1,79.66666666666667,0.683076923076923
2,84.16666666666667,0.7507692307692307
6,79.03333333333335,0.676923076923077
3,78.7,0.7907692307692308
7,78.93333333333334,0.9446153846153846
5,79.36666666666666,0.6923076923076923
4,77.03333333333333,0.6276923076923077
1,73.86666666666666,0.7138461538461538
6,72.93333333333334,0.7476923076923077
3,74.53333333333335,0.963076923076923
7,77.5,0.6861538461538461
5,79.7,0.6215384615384615
4,81.0,0.6861538461538461
1,78.5,0.9015384615384615
2,75.56666666666666,0.7938461538461539
6,73.8,0.8246153846153846
3,77.06666666666666,0.72
7,77.56666666666666,0.47692307692307695
5,80.43333333333334,0.4676923076923077
4,82.39999999999999,0.8676923076923077
1,80.39999999999999,0.5415384615384615
2,77.39999999999999,0.7907692307692308
6,76.43333333333334,0.84
3,73.39999999999999,0.8430769230769231
7,75.63333333333334,0.7569230769230769
5,76.86666666666666,0.8984615384615384
4,76.8,0.6061538461538462
1,74.56666666666666,0.6861538461538461
2,74.43333333333334,0.8430769230769231
6,66.89999999999999,0.6646153846153846
3,67.16666666666667,0.48615384615384616
7,70.63333333333333,0.563076923076923
5,75.03333333333335,0.7784615384615384
4,76.4,0.6153846153846154
1,73.0,0.7169230769230769
2,74.56666666666666,0.7661538461538462
6,76.83333333333333,0.7230769230769231
3,76.7,0.9661538461538461
7,76.73333333333333,0.5753846153846154
5,73.43333333333334,0.6461538461538462
1,68.2,0.7046153846153846
2,68.2,0.8
6,69.46666666666667,0.6430769230769231
3,74.46666666666665,0.7753846153846153
7,81.93333333333334,0.5876923076923077
5,82.89999999999999,0.4707692307692308
4,76.46666666666665,0.6923076923076923
1,73.33333333333333,0.7630769230769231
2,69.26666666666667,0.6061538461538462
6,65.03333333333333,0.5784615384615385
3,67.36666666666667,0.6861538461538461
7,71.89999999999999,0.6646153846153846
5,70.53333333333333,0.7692307692307693
4,68.83333333333333,0.7784615384615384
1,72.06666666666666,0.7292307692307692
2,73.56666666666666,0.8123076923076923
6,69.56666666666666,0.6492307692307693
3,71.9,0.4369230769230769
7,74.76666666666667,0.683076923076923
5,71.36666666666666,0.49538461538461537
4,72.73333333333333,0.803076923076923
1,72.56666666666666,0.8461538461538461
2,69.8,0.8092307692307692
6,72.2,0.7353846153846154
3,66.76666666666667,0.5969230769230769
7,60.5,0.5076923076923077
5,56.06666666666666,0.2
4,61.4,0.40615384615384614
1,62.2,0.6215384615384615
2,60.96666666666667,0.8984615384615384
6,60.7,0.42153846153846153
3,62.46666666666667,0.6215384615384615
7,65.53333333333335,0.5323076923076923
5,70.0,0.7230769230769231
4,66.43333333333334,0.5661538461538461
1,66.26666666666667,0.9015384615384615
2,53.03333333333333,0.4461538461538462
6,55.2,0.3446153846153846
3,57.16666666666666,0.47384615384615386
7,63.96666666666667,0.39076923076923076
5,62.76666666666667,0.5415384615384615
4,48.9,0.38153846153846155
1,51.0,0.7723076923076924
2,58.96666666666667,0.7784615384615384
6,68.3,0.676923076923077
3,72.06666666666666,0.76
7,73.8,0.6276923076923077
5,59.9,0.4369230769230769
4,56.1,0.4523076923076923
1,48.53333333333333,0.5846153846153846
2,46.6,0.6276923076923077
6,55.333333333333336,0.6615384615384615
3,54.0,0.6153846153846154
7,45.9,0.5107692307692308
5,47.633333333333326,0.39692307692307693
4,48.4,0.49538461538461537
1,49.43333333333334,0.7138461538461538
2,66.03333333333333,0.803076923076923
6,55.53333333333333,0.6646153846153846
3,48.833333333333336,0.9138461538461539
5,63.133333333333326,0.5507692307692308
4,56.8,0.6553846153846153
1,53.333333333333336,0.6553846153846153
2,53.8,0.7723076923076924
6,55.7,0.563076923076923
3,54.4,0.5169230769230769
7,55.4,0.2276923076923077
5,50.6,0.3384615384615385
4,48.9,0.4707692307692308
1,50.4,0.7015384615384616
2,43.2,0.6461538461538462
6,43.6,0.27692307692307694
3,47.36666666666667,0.3076923076923077
7,46.66666666666666,0.4369230769230769
5,47.66666666666666,0.6153846153846154
4,55.6,0.7415384615384616
1,62.03333333333333,0.6892307692307692
2,38.53333333333333,0.3292307692307692
6,29.9,0.28615384615384615
3,30.53333333333333,0.3476923076923077
7,33.06666666666666,0.4707692307692308
5,39.6,0.39692307692307693
1,37.9,0.36615384615384616
2,38.46666666666667,0.4584615384615385
6,37.96666666666667,0.37846153846153846
3,44.9,0.37846153846153846
7,50.3,0.39384615384615385
5,41.23333333333333,0.39076923076923076
4,37.7,0.7753846153846153
1,38.06666666666667,0.8153846153846154
2,33.833333333333336,0.5784615384615385
6,31.73333333333333,0.07692307692307693
3,32.46666666666667,0.3323076923076923
7,33.13333333333333,0.3630769230769231
5,27.566666666666663,0.27692307692307694
4,21.8,0.11076923076923077
1,23.23333333333333,0.30153846153846153
2,20.933333333333334,0.12923076923076923
3,26.3,0.18153846153846154
7,17.0,0.015384615384615385
5,10.333333333333334,0.12307692307692308
4,5.066666666666666,0.03076923076923077
1,12.766666666666666,0.38461538461538464
2,22.2,0.13538461538461538
3,-0.2666666666666666,0.27692307692307694
7,19.433333333333334,0.37846153846153846
5,26.1,0.48923076923076925
4,34.96666666666667,0.40615384615384614
1,30.26666666666667,0.48615384615384616
2,35.06666666666666,0.10461538461538461
3,45.93333333333334,0.23692307692307693
7,29.666666666666668,0.28615384615384615
5,30.633333333333336,0.4676923076923077
4,34.233333333333334,0.23692307692307693
1,30.166666666666668,0.5292307692307693
2,36.3,0.4123076923076923
3,34.53333333333333,0.07236842105263158
7,39.16666666666666,0.41776315789473684
5,19.2,0.06907894736842106
4,10.5,0.06578947368421052
1,5.5,0.03289473684210526
2,7.3,0.08881578947368421
6,10.2,0.0
3,21.96666666666667,0.40131578947368424
7,38.5,0.375
5,33.0,0.23684210526315788
4,28.5,0.17434210526315788
1,22.03333333333333,0.6875
2,28.96666666666667,0.3092105263157895
6,26.633333333333336,0.2138157894736842
3,33.23333333333333,0.20065789473684212
7,38.06666666666667,0.375
5,34.300000000000004,0.3815789473684211
4,35.7,0.48355263157894735
1,38.86666666666667,0.631578947368421
2,49.2,0.6414473684210527
6,42.1,0.4967105263157895
3,39.6,0.6513157894736842
7,37.73333333333333,0.4769736842105263
5,38.1,0.5164473684210527
4,33.666666666666664,0.27631578947368424
1,28.46666666666667,0.6348684210526315
2,27.166666666666668,0.4605263157894737
6,27.23333333333333,0.14144736842105263
3,23.166666666666668,0.5460526315789473
7,37.06666666666667,0.47039473684210525
5,35.13333333333333,0.8421052631578947
4,21.9,0.2631578947368421
1,20.03333333333333,0.2598684210526316
2,22.2,0.15460526315789475
6,33.333333333333336,0.34210526315789475
3,34.93333333333333,0.5625
7,44.86666666666667,0.3355263157894737
5,31.6,0.24671052631578946
4,19.866666666666664,0.2532894736842105
1,25.3,0.506578947368421
2,41.2,0.3717105263157895
6,40.4,0.28618421052631576
3,35.13333333333333,0.41776315789473684
7,39.833333333333336,0.40131578947368424
5,34.06666666666667,0.2730263157894737
4,33.6,0.2631578947368421
1,44.43333333333334,0.7927631578947368
2,55.9,0.5164473684210527
6,49.76666666666667,0.2730263157894737
3,53.2,0.39473684210526316
7,59.23333333333333,0.2894736842105263
5,56.53333333333333,0.3684210526315789
4,51.06666666666666,0.21052631578947367
1,40.4,0.22697368421052633
2,30.33333333333333,0.02631578947368421
3,40.93333333333333,0.13815789473684212
7,50.93333333333334,0.13157894736842105
5,47.333333333333336,0.4967105263157895
4,32.2,0.125
1,27.6,0.26973684210526316
2,32.93333333333334,0.13815789473684212
6,41.3,0.23355263157894737
3,54.1,0.3026315789473684
7,54.66666666666666,0.3026315789473684
5,45.633333333333326,0.25
4,39.03333333333333,0.27960526315789475
1,31.7,0.24671052631578946
2,23.866666666666664,0.2236842105263158
5,23.33333333333333,0.05921052631578947
4,27.9,0.2532894736842105
1,37.63333333333333,0.3881578947368421
2,41.63333333333333,0.2730263157894737
6,40.66666666666666,0.046052631578947366
3,47.56666666666666,0.34539473684210525
7,42.76666666666667,0.19407894736842105
5,32.46666666666667,0.18092105263157895
4,36.333333333333336,0.24671052631578946
1,58.333333333333336,0.618421052631579
2,42.96666666666667,0.34210526315789475
6,52.5,0.3651315789473684
3,50.0,0.4309210526315789
7,42.36666666666667,0.26973684210526316
5,41.4,0.2565789473684211
4,44.06666666666666,0.32894736842105265
1,39.46666666666667,0.6118421052631579
2,43.7,0.7894736842105263
6,49.03333333333333,0.3256578947368421
3,50.56666666666666,0.34868421052631576
7,48.9,0.3980263157894737
5,44.43333333333334,0.13815789473684212
4,42.2,0.2532894736842105
1,43.0,0.375
2,49.16666666666666,0.34539473684210525
6,63.333333333333336,0.5592105263157895
3,67.8,0.3026315789473684
7,47.46666666666667,0.3684210526315789
5,47.3,0.4473684210526316
4,50.46666666666667,0.24342105263157895
1,55.53333333333333,0.5986842105263158
2,69.10000000000001,0.743421052631579
6,67.5,0.3157894736842105
3,58.86666666666667,0.5296052631578947
7,55.93333333333334,0.47368421052631576
5,64.13333333333334,0.5493421052631579
4,58.23333333333333,0.40131578947368424
1,50.26666666666667,0.7368421052631579
2,49.0,0.3618421052631579
6,52.9,0.3684210526315789
3,56.2,0.4769736842105263
7,64.23333333333333,0.5460526315789473
5,70.10000000000001,0.5493421052631579
4,54.6,0.41118421052631576
1,49.0,0.7927631578947368
2,45.63333333333333,0.08223684210526316
6,44.96666666666667,0.21710526315789475
3,51.36666666666667,0.8947368421052632
7,45.8,0.3223684210526316
5,47.0,0.4868421052631579
4,47.9,0.4934210526315789
1,47.93333333333334,0.6842105263157895
2,49.46666666666667,0.40131578947368424
6,47.43333333333334,0.12828947368421054
3,45.4,0.375
7,47.76666666666667,0.3815789473684211
5,54.833333333333336,0.23684210526315788
4,54.13333333333333,0.48026315789473684
1,57.5,0.8486842105263158
2,61.4,0.4375
6,62.46666666666667,0.3980263157894737
3,62.96666666666667,0.9210526315789473
7,75.13333333333334,0.5164473684210527
5,77.8,0.8026315789473685
4,74.93333333333334,0.6052631578947368
1,48.5,0.6085526315789473
2,52.76666666666667,0.24013157894736842
6,61.8,0.6578947368421053
3,58.1,0.6776315789473685
7,60.76666666666667,0.4868421052631579
5,56.26666666666667,0.5625
4,57.36666666666667,0.5657894736842105
1,59.86666666666667,0.5789473684210527
2,62.1,0.6875
6,66.16666666666667,0.375
3,68.66666666666667,0.5822368421052632
7,64.5,0.7335526315789473
5,63.5,0.4868421052631579
4,65.7,1.0
1,69.86666666666667,0.8223684210526315
2,73.26666666666667,0.7631578947368421
6,79.63333333333333,0.7532894736842105
3,69.73333333333333,0.48026315789473684
7,63.4,0.7730263157894737
5,65.56666666666666,0.6480263157894737
4,68.13333333333334,0.5855263157894737
1,74.33333333333333,0.7401315789473685
2,75.06666666666666,0.6381578947368421
6,81.2,0.7302631578947368
3,83.8,0.4967105263157895
7,79.63333333333334,0.7171052631578947
5,76.7,0.5855263157894737
4,75.73333333333333,0.7631578947368421
1,76.56666666666666,0.8026315789473685
2,78.93333333333334,0.7763157894736842
6,74.83333333333333,0.6414473684210527
3,70.33333333333333,0.506578947368421
7,66.66666666666667,0.6973684210526315
5,67.33333333333333,0.6414473684210527
4,78.39999999999999,0.7467105263157895
1,76.10000000000001,0.6151315789473685
2,69.60000000000001,0.75
6,64.39999999999999,0.6743421052631579
3,63.86666666666667,0.6447368421052632
7,64.13333333333333,0.5953947368421053
5,67.93333333333334,0.3815789473684211
4,75.63333333333334,0.6085526315789473
1,72.8,0.6151315789473685
6,73.8,0.6217105263157895
3,73.23333333333333,0.8980263157894737
7,73.26666666666667,0.6743421052631579
5,76.43333333333334,0.881578947368421
4,80.33333333333333,0.625
1,80.39999999999999,0.5493421052631579
2,70.43333333333334,0.5526315789473685
6,72.5,0.7631578947368421
3,76.83333333333333,0.618421052631579
7,76.96666666666667,0.5855263157894737
5,75.93333333333334,0.32894736842105265
4,77.7,0.7532894736842105
1,71.3,0.680921052631579
2,69.5,0.9802631578947368
6,71.53333333333333,0.7269736842105263
3,67.96666666666667,0.8421052631578947
7,73.23333333333333,0.6611842105263158
5,79.26666666666667,0.5855263157894737
4,76.36666666666666,0.5592105263157895
1,79.7,0.5493421052631579
2,77.3,0.5394736842105263
6,79.3,0.8256578947368421
3,70.96666666666665,0.6282894736842105
7,71.03333333333333,0.8519736842105263
5,74.63333333333334,0.5296052631578947
4,77.10000000000001,0.6546052631578947
1,73.36666666666666,0.8552631578947368
2,71.33333333333333,0.6875
6,72.43333333333334,0.7467105263157895
3,74.83333333333333,0.6677631578947368
5,75.8,0.6019736842105263
4,75.0,0.8486842105263158
6,69.8,0.9013157894736842
3,68.93333333333334,0.5986842105263158
7,68.8,0.5822368421052632
5,72.3,0.5855263157894737
4,73.23333333333333,0.6546052631578947
1,72.39999999999999,0.5723684210526315
2,68.56666666666668,0.7302631578947368
6,67.66666666666667,0.45723684210526316
3,72.13333333333334,0.7368421052631579
7,74.96666666666667,0.6710526315789473
5,75.39999999999999,0.6710526315789473
4,77.39999999999999,0.5822368421052632
1,74.36666666666666,0.881578947368421
2,73.86666666666666,0.9901315789473685
6,74.83333333333333,0.6085526315789473
3,78.23333333333333,0.5361842105263158
7,74.93333333333334,0.6217105263157895
5,68.8,0.5131578947368421
4,65.93333333333334,0.6907894736842105
1,63.06666666666667,0.5953947368421053
2,66.5,0.618421052631579
6,68.83333333333333,0.5427631578947368
3,69.43333333333334,0.3190789473684211
7,68.36666666666667,0.4375
5,69.36666666666666,0.6480263157894737
4,69.26666666666667,0.4769736842105263
2,62.0,0.5953947368421053
6,67.23333333333333,0.5460526315789473
3,71.93333333333334,0.41118421052631576
7,63.833333333333336,0.375
5,57.6,0.1875
4,59.36666666666667,0.4506578947368421
1,61.93333333333334,0.3651315789473684
2,63.0,0.4769736842105263
6,60.7,0.4868421052631579
3,61.46666666666667,0.32894736842105265
7,64.39999999999999,0.4440789473684211
5,65.76666666666667,0.3782894736842105
4,66.7,0.47039473684210525
1,72.83333333333333,0.7138157894736842
2,76.2,0.7730263157894737
6,76.46666666666667,0.7269736842105263
3,68.60000000000001,0.5953947368421053
7,69.66666666666667,0.3848684210526316
5,74.53333333333333,0.7763157894736842
4,82.23333333333333,0.7105263157894737
1,82.8,0.680921052631579
2,81.86666666666667,0.7861842105263158
6,80.36666666666666,0.7236842105263158
3,78.8,0.7598684210526315
7,79.63333333333334,0.5197368421052632
5,70.39999999999999,0.4440789473684211
4,62.26666666666667,0.4144736842105263
1,62.79999999999999,0.7203947368421053
2,60.73333333333333,0.5098684210526315
6,59.06666666666666,0.8585526315789473
3,68.60000000000001,0.5296052631578947
7,71.83333333333333,0.48355263157894735
5,70.46666666666667,0.4967105263157895
4,65.33333333333333,0.5131578947368421
1,64.8,0.5164473684210527
2,69.93333333333334,0.3980263157894737
6,64.39999999999999,0.41776315789473684
3,65.8,0.5098684210526315
7,63.26666666666667,0.3684210526315789
5,58.86666666666667,0.08552631578947369
4,57.333333333333336,0.5723684210526315
1,61.13333333333333,0.5855263157894737
2,64.33333333333333,0.18421052631578946
6,60.36666666666667,0.15789473684210525
3,51.63333333333333,0.5657894736842105
7,55.833333333333336,0.42105263157894735
5,58.4,0.6019736842105263
4,60.03333333333333,0.6019736842105263
1,62.13333333333333,0.8486842105263158
2,66.8,0.7335526315789473
6,65.63333333333333,0.4868421052631579
3,52.73333333333333,0.4901315789473684
7,47.5,0.3223684210526316
5,43.9,0.40460526315789475
4,46.13333333333333,0.5394736842105263
1,44.833333333333336,0.75
2,38.333333333333336,0.4144736842105263
6,39.4,0.34539473684210525
3,44.16666666666666,0.3848684210526316
7,37.66666666666666,0.5493421052631579
5,38.7,0.7697368421052632
4,47.2,0.4309210526315789
1,45.7,0.6513157894736842
2,45.1,0.5427631578947368
6,50.833333333333336,0.5986842105263158
3,41.9,0.4144736842105263
7,41.766666666666666,0.28618421052631576
5,37.5,0.5493421052631579
4,37.96666666666667,0.2138157894736842
1,25.2,0.28618421052631576
2,29.3,0.3190789473684211
6,37.8,0.24671052631578946
3,37.06666666666666,0.41776315789473684
7,39.0,0.35855263157894735
5,47.1,0.3881578947368421
4,35.96666666666667,0.5723684210526315
1,38.56666666666666,0.4934210526315789
2,43.26666666666667,0.3519736842105263
6,34.9,0.3256578947368421
3,37.9,0.5625
7,41.86666666666667,0.26973684210526316
5,28.96666666666667,0.2138157894736842
1,42.833333333333336,0.3026315789473684
2,48.333333333333336,0.40460526315789475
6,37.73333333333333,0.24671052631578946
3,43.9,0.6019736842105263
7,54.73333333333333,0.631578947368421
5,43.633333333333326,0.5921052631578947
4,46.2,0.5263157894736842
2,41.73333333333333,0.5493421052631579
6,41.9,0.27960526315789475
3,55.36666666666667,0.7171052631578947
7,41.73333333333333,0.3980263157894737
5,31.066666666666663,0.39473684210526316
4,25.2,0.1118421052631579
1,24.266666666666666,0.4769736842105263
2,29.4,0.2236842105263158
6,26.133333333333336,0.24013157894736842
3,30.53333333333333,0.4901315789473684
7,25.0,0.3059210526315789
5,26.7,0.35855263157894735
4,25.266666666666666,0.41776315789473684
1,25.566666666666663,0.5822368421052632
2,38.3,0.5953947368421053
6,35.7,0.45394736842105265
3,42.76666666666667,0.4473684210526316
7,43.13333333333333,0.569078947368421
5,34.666666666666664,0.3717105263157895
4,34.833333333333336,0.5131578947368421
1,37.7,0.6348684210526315
2,32.300000000000004,0.40460526315789475
4,5.966666666666666,0.03289473684210526
2,10.333333333333334,0.09868421052631579
7,-3.633333333333333,0.0
5,11.1,0.04
4,7.733333333333334,0.11428571428571428
1,4.466666666666666,0.2914285714285714
2,5.766666666666667,0.06857142857142857
3,33.53333333333333,0.16857142857142857
7,29.8,0.2571428571428571
5,37.2,0.4514285714285714
4,55.8,0.39714285714285713
1,24.633333333333336,0.4142857142857143
2,14.066666666666668,0.15714285714285714
6,11.633333333333333,0.005714285714285714
7,13.6,0.14857142857142858
5,13.033333333333331,0.24857142857142858
4,21.0,0.18285714285714286
1,30.933333333333337,0.42
2,38.2,0.4828571428571429
6,40.66666666666666,0.44571428571428573
3,48.13333333333333,0.46285714285714286
7,35.63333333333333,0.44857142857142857
5,28.933333333333334,0.1457142857142857
4,31.566666666666663,0.2257142857142857
1,41.6,0.5742857142857143
2,47.76666666666667,0.5485714285714286
6,34.86666666666667,0.31142857142857144
3,28.2,0.2571428571428571
7,21.5,0.21428571428571427
5,34.86666666666667,0.41714285714285715
4,28.83333333333333,0.5114285714285715
1,11.266666666666666,0.32
2,26.433333333333334,0.19428571428571428
7,11.866666666666667,0.07428571428571429
3,15.666666666666666,0.02857142857142857
7,20.066666666666663,0.24
5,31.866666666666664,0.28285714285714286
4,40.46666666666667,0.38857142857142857
1,35.733333333333334,0.2914285714285714
2,24.066666666666663,0.12285714285714286
6,27.46666666666667,0.07142857142857142
3,42.73333333333333,0.17714285714285713
7,58.833333333333336,0.23714285714285716
5,33.0,0.22285714285714286
4,33.766666666666666,0.32857142857142857
1,40.16666666666666,0.31142857142857144
2,37.13333333333333,0.34
6,41.03333333333333,0.2714285714285714
3,40.1,0.18
7,47.86666666666667,0.36857142857142855
5,51.03333333333333,0.24
4,38.66666666666666,0.7742857142857142
1,36.66666666666666,0.37142857142857144
2,37.0,0.2914285714285714
6,37.5,0.24857142857142858
3,36.766666666666666,0.29428571428571426
7,35.5,0.26
5,31.266666666666666,0.26857142857142857
4,28.33333333333333,0.28
1,29.433333333333334,0.5228571428571429
2,32.1,0.3485714285714286
6,33.833333333333336,0.16285714285714287
3,35.666666666666664,0.2857142857142857
7,31.633333333333336,0.22
5,30.433333333333334,0.29428571428571426
4,38.93333333333333,0.36857142857142855
1,32.233333333333334,0.40285714285714286
2,35.86666666666667,0.6142857142857143
6,38.63333333333333,0.3657142857142857
3,40.333333333333336,0.28
7,33.2,0.42857142857142855
5,33.36666666666667,0.3628571428571429
4,34.43333333333333,0.31142857142857144
1,35.96666666666667,0.5428571428571428
2,35.73333333333333,0.24857142857142858
6,34.266666666666666,0.32857142857142857
3,39.93333333333333,0.38571428571428573
7,49.23333333333333,0.32285714285714284
5,45.03333333333334,0.3628571428571429
4,44.66666666666666,0.19142857142857142
1,38.8,0.4057142857142857
2,44.23333333333333,0.3657142857142857
6,33.53333333333333,0.49714285714285716
3,31.866666666666664,0.32
7,39.86666666666667,0.12285714285714286
5,32.4,0.39714285714285713
4,31.566666666666663,0.3142857142857143
1,35.1,0.38
2,28.633333333333336,0.20857142857142857
6,30.46666666666667,0.16
3,33.46666666666667,0.28285714285714286
7,35.56666666666667,0.4342857142857143
5,48.13333333333333,0.5914285714285714
4,58.63333333333333,0.54
1,44.86666666666667,0.6257142857142857
2,39.86666666666667,0.3628571428571429
6,36.43333333333334,0.11714285714285715
3,31.03333333333333,0.48857142857142855
7,34.5,0.3914285714285714
5,34.300000000000004,0.18571428571428572
4,39.5,0.46285714285714286
1,45.0,0.6885714285714286
2,46.1,0.32857142857142857
6,50.1,0.38857142857142857
3,49.63333333333333,0.44
7,53.63333333333333,0.43142857142857144
5,47.96666666666667,0.5371428571428571
4,47.46666666666667,0.48857142857142855
1,51.63333333333333,0.6028571428571429
2,42.6,0.3342857142857143
6,43.2,0.4657142857142857
3,55.66666666666666,0.6542857142857142
5,76.3,0.6485714285714286
4,65.26666666666667,0.5142857142857142
1,66.73333333333333,0.72
2,68.5,0.8314285714285714
6,61.833333333333336,0.44
3,58.43333333333334,0.6942857142857143
7,67.7,0.6942857142857143
5,69.7,0.6571428571428571
4,65.63333333333333,0.62
1,53.53333333333333,0.47714285714285715
2,48.0,0.3914285714285714
6,53.3,0.3657142857142857
3,62.7,0.6457142857142857
7,63.1,0.5171428571428571
5,60.76666666666667,0.5628571428571428
4,62.5,0.6685714285714286
1,56.4,0.68
2,60.5,0.5628571428571428
6,51.36666666666667,0.5771428571428572
3,54.1,0.4342857142857143
7,59.3,0.6714285714285714
5,62.46666666666667,0.6257142857142857
4,70.3,0.7371428571428571
1,76.96666666666665,0.6942857142857143
2,77.96666666666667,0.8371428571428572
6,82.23333333333333,0.9142857142857143
3,82.23333333333333,0.9314285714285714
7,76.13333333333333,0.8942857142857142
5,76.3,0.8142857142857143
4,76.96666666666667,0.8
2,59.46666666666667,0.7371428571428571
6,66.93333333333334,0.78
3,67.03333333333333,0.6514285714285715
7,66.60000000000001,0.5428571428571428
5,61.9,0.7228571428571429
4,72.2,0.5857142857142857
1,63.96666666666666,0.6057142857142858
2,65.60000000000001,0.7257142857142858
6,64.5,0.4828571428571429
3,64.36666666666666,0.5342857142857143
7,70.43333333333334,0.6628571428571428
5,74.53333333333333,0.54
4,71.60000000000001,0.56
1,74.7,0.8028571428571428
2,80.8,0.7542857142857143
6,85.13333333333334,0.76
3,85.89999999999999,0.8142857142857143
7,71.76666666666667,0.6657142857142857
5,69.73333333333333,0.9457142857142857
4,66.23333333333333,0.3
1,63.16666666666666,0.46
2,67.33333333333333,0.7914285714285715
6,72.36666666666667,0.88
3,69.33333333333333,0.8342857142857143
7,73.56666666666666,0.6657142857142857
5,72.8,0.76
4,75.10000000000001,0.7428571428571429
1,81.7,0.6228571428571429
2,86.06666666666666,0.8714285714285714
3,76.53333333333335,0.8514285714285714
7,76.93333333333334,0.7542857142857143
5,82.56666666666668,0.7628571428571429
4,79.7,0.8
1,73.7,0.94
2,70.06666666666666,0.7685714285714286
6,73.53333333333333,0.7514285714285714
3,78.13333333333334,0.6857142857142857
7,80.93333333333334,0.7085714285714285
5,76.96666666666667,0.5
4,77.5,0.6742857142857143
1,80.26666666666667,0.7342857142857143
2,77.36666666666666,0.6457142857142857
6,79.89999999999999,0.7142857142857143
3,81.16666666666667,0.64
7,75.86666666666666,0.5228571428571429
5,71.33333333333333,0.7942857142857143
4,74.5,0.6171428571428571
1,75.2,0.7457142857142857
2,70.76666666666667,0.68
6,70.86666666666666,0.6657142857142857
3,72.3,0.8142857142857143
7,74.36666666666666,0.6742857142857143
5,77.53333333333333,0.7057142857142857
4,76.13333333333333,0.6828571428571428
1,69.93333333333334,0.68
2,70.06666666666666,0.7028571428571428
6,70.66666666666667,0.6114285714285714
3,70.53333333333333,0.6285714285714286
7,72.06666666666666,0.7657142857142857
4,75.8,0.8342857142857143
1,75.3,0.94
2,81.2,0.9771428571428571
6,83.16666666666667,0.8514285714285714
3,78.2,0.6885714285714286
7,75.43333333333334,0.6371428571428571
5,73.5,0.6571428571428571
4,76.8,0.5914285714285714
1,76.5,0.8457142857142858
2,77.23333333333333,0.8514285714285714
6,77.60000000000001,0.8028571428571428
3,76.0,0.7485714285714286
7,78.06666666666666,0.7628571428571429
5,78.53333333333333,0.68
4,76.56666666666666,0.7828571428571428
1,74.56666666666666,0.7057142857142857
2,74.89999999999999,1.0
6,74.93333333333334,0.66
3,74.66666666666667,0.5314285714285715
7,71.96666666666665,0.45714285714285713
5,69.89999999999999,0.8257142857142857
4,68.93333333333334,0.4742857142857143
1,67.26666666666667,0.6514285714285715
2,71.23333333333333,0.7857142857142857
6,81.26666666666667,0.6571428571428571
3,84.63333333333334,0.7514285714285714
7,82.03333333333333,0.6857142857142857
5,71.8,0.54
4,67.43333333333334,0.74
1,70.10000000000001,0.7742857142857142
6,80.60000000000001,0.7714285714285715
3,77.46666666666665,0.6142857142857143
7,78.89999999999999,0.7371428571428571
5,81.89999999999999,0.44285714285714284
4,69.83333333333333,0.5114285714285715
1,67.8,0.48
2,65.8,0.6514285714285715
6,63.73333333333333,0.29428571428571426
3,64.86666666666666,0.44
7,65.83333333333333,0.37142857142857144
5,68.89999999999999,0.4342857142857143
4,67.53333333333335,0.35714285714285715
1,70.96666666666665,0.8771428571428571
2,71.36666666666666,0.7057142857142857
6,74.96666666666667,0.7342857142857143
3,78.5,0.64
7,73.26666666666667,0.5
5,70.06666666666666,0.5714285714285714
4,76.33333333333333,0.7628571428571429
1,78.2,0.7514285714285714
2,59.76666666666667,0.6771428571428572
6,59.3,0.4942857142857143
3,63.96666666666666,0.6685714285714286
7,72.7,0.54
5,61.333333333333336,0.5457142857142857
4,57.6,0.41714285714285715
1,57.63333333333333,0.66
2,50.333333333333336,0.4857142857142857
6,58.46666666666667,0.5114285714285715
7,64.33333333333333,0.44285714285714284
5,69.93333333333334,0.32571428571428573
4,66.5,0.38857142857142857
1,57.29999999999999,0.26571428571428574
2,64.76666666666667,0.4685714285714286
6,58.5,0.44571428571428573
3,70.26666666666667,0.5171428571428571
7,76.03333333333333,0.5257142857142857
5,72.26666666666667,0.46285714285714286
4,51.0,0.3342857142857143
1,39.96666666666667,0.4142857142857143
2,41.0,0.52
6,46.56666666666666,0.4
3,44.56666666666666,0.4085714285714286
7,42.833333333333336,0.3
5,47.06666666666666,0.3657142857142857
4,43.833333333333336,0.4657142857142857
1,47.96666666666667,0.5828571428571429
2,47.16666666666666,0.6971428571428572
6,37.63333333333333,0.2342857142857143
3,46.6,0.44
7,48.13333333333333,0.49714285714285716
5,42.63333333333333,0.6942857142857143
4,43.03333333333333,0.4542857142857143
1,47.66666666666666,0.7628571428571429
2,48.63333333333333,0.6457142857142857
6,46.866666666666674,0.44285714285714284
3,46.4,0.46
7,52.13333333333333,0.5857142857142857
5,54.36666666666667,0.9228571428571428
1,44.6,0.64
2,41.8,0.6342857142857142
6,48.03333333333333,0.3514285714285714
3,47.93333333333334,0.4114285714285714
7,47.833333333333336,0.5742857142857143
5,38.3,0.3514285714285714
4,35.43333333333334,0.32571428571428573
1,34.300000000000004,0.44571428571428573
2,25.133333333333336,0.2542857142857143
6,32.233333333333334,0.24571428571428572
3,33.56666666666667,0.35714285714285715
7,25.33333333333333,0.13428571428571429
5,25.03333333333333,0.22
4,30.96666666666667,0.37142857142857144
1,33.9,0.48857142857142855
2,34.333333333333336,0.31142857142857144
6,33.800000000000004,0.19428571428571428
3,27.866666666666664,0.22
7,31.933333333333334,0.3914285714285714
5,32.1,0.5114285714285715
1,39.53333333333333,0.54
2,45.13333333333333,0.38571428571428573
6,38.66666666666666,0.03428571428571429
3,31.433333333333334,0.0
7,23.83333333333333,0.21428571428571427
5,21.633333333333336,0.43714285714285717
4,30.33333333333333,0.32285714285714284
1,34.833333333333336,0.54
2,37.46666666666667,0.7342857142857143
6,43.1,0.4257142857142857
3,34.63333333333333,0.5971428571428572
7,30.666666666666668,0.46285714285714286
5,28.166666666666668,0.42857142857142855
4,30.566666666666663,0.44857142857142857
1,21.433333333333334,0.5285714285714286
2,23.766666666666666,0.5057142857142857
6,23.366666666666664,0.36857142857142855
3,23.366666666666664,0.44571428571428573
7,29.03333333333333,0.31142857142857144
5,34.86666666666667,0.5628571428571428
4,32.833333333333336,0.42857142857142855
1,39.63333333333333,0.66
2,37.53333333333333,0.52
6,35.833333333333336,0.54
3,35.43333333333334,0.42857142857142855
7,31.03333333333333,0.44285714285714284
5,38.63333333333333,0.5085714285714286
4,44.16666666666666,0.6457142857142857
1,36.03333333333333,0.6857142857142857
2,30.766666666666666,0.5657142857142857
6,33.6,0.21428571428571427
3,29.8,0.13714285714285715
5,34.46666666666667,0.19428571428571428
4,42.5,0.18857142857142858
1,42.56666666666667,0.4657142857142857
2,29.066666666666663,0.38285714285714284
6,26.366666666666664,0.31142857142857144
3,35.2,0.24571428571428572
5,28.866666666666664,0.3274336283185841
4,29.9,0.6135693215339233
1,36.93333333333333,0.6666666666666666
2,38.86666666666667,0.7315634218289085
6,39.5,0.35398230088495575
3,44.26666666666667,0.3893805309734513
7,42.36666666666667,0.4631268436578171
5,24.1,0.25663716814159293
4,18.866666666666664,0.41887905604719766
1,25.566666666666663,0.7079646017699115
2,29.866666666666664,0.3805309734513274
6,29.566666666666663,0.0855457227138643
3,24.73333333333333,0.2713864306784661
7,25.83333333333333,0.45427728613569324
5,31.73333333333333,0.46017699115044247
4,30.566666666666663,0.3215339233038348
1,31.0,0.36578171091445427
3,10.066666666666668,0.038348082595870206
7,19.133333333333333,0.24188790560471976
5,31.33333333333333,0.3480825958702065
4,18.066666666666663,0.18584070796460178
1,2.7999999999999994,0.12389380530973451
1,7.5,0.6843657817109144
2,25.23333333333333,0.5250737463126843
6,41.266666666666666,0.15339233038348082
3,47.2,0.5663716814159292
7,30.666666666666668,0.3215339233038348
5,33.9,0.2713864306784661
4,36.13333333333333,0.37168141592920356
1,12.066666666666668,0.2890855457227139
2,12.8,0.6253687315634219
6,24.0,0.27728613569321536
3,28.866666666666664,0.24188790560471976
7,31.83333333333333,0.35693215339233036
5,19.96666666666667,0.2920353982300885
4,36.0,0.584070796460177
1,23.96666666666667,0.5811209439528023
2,21.066666666666663,0.39233038348082594
6,26.066666666666663,0.2182890855457227
3,26.23333333333333,0.13569321533923304
7,22.96666666666667,0.20353982300884957
5,31.366666666666664,0.26843657817109146
4,31.83333333333333,0.44837758112094395
1,29.8,0.49557522123893805
2,35.26666666666667,0.30383480825958703
6,36.86666666666667,0.008849557522123894
3,14.866666666666667,0.15634218289085547
7,20.466666666666665,0.19174041297935104
5,25.8,0.30973451327433627
4,20.066666666666663,0.1504424778761062
1,27.766666666666666,0.6312684365781711
2,30.066666666666663,0.35693215339233036
6,23.766666666666666,0.02359882005899705
3,6.633333333333333,0.0
5,17.3,0.25073746312684364
4,23.83333333333333,0.19469026548672566
1,28.53333333333333,0.5132743362831859
2,33.93333333333333,0.2182890855457227
6,37.56666666666667,0.20058997050147492
3,32.766666666666666,0.46017699115044247
7,34.86666666666667,0.24778761061946902
5,45.5,0.4247787610619469
4,55.73333333333333,0.3893805309734513
1,38.26666666666667,0.5634218289085545
2,34.86666666666667,0.6548672566371682
6,34.800000000000004,0.20058997050147492
3,35.0,0.31563421828908556
7,38.266666666666666,0.2949852507374631
5,41.3,0.43952802359882004
4,39.7,0.4277286135693215
1,39.5,0.48672566371681414
2,36.46666666666667,0.4306784660766962
6,45.0,0.30678466076696165
3,36.833333333333336,0.28023598820059
7,35.4,0.3775811209439528
5,41.13333333333333,0.45427728613569324
4,52.8,0.41002949852507375
1,46.56666666666666,0.3864306784660767
2,39.63333333333333,0.35103244837758113
6,31.33333333333333,0.2743362831858407
3,35.06666666666667,0.7374631268436578
7,44.4,0.3333333333333333
5,45.9,0.40117994100294985
4,46.5,0.35103244837758113
1,44.13333333333333,0.4749262536873156
2,51.93333333333334,0.5870206489675516
6,58.26666666666667,0.4690265486725664
3,61.76666666666667,0.5899705014749262
7,59.8,0.43952802359882004
5,41.36666666666667,0.3392330383480826
4,45.13333333333333,0.5958702064896755
1,50.1,0.696165191740413
2,43.4,0.6194690265486725
3,38.73333333333333,0.5309734513274337
7,56.7,0.4837758112094395
5,56.06666666666666,0.4365781710914454
4,58.63333333333333,0.24778761061946902
1,43.63333333333333,0.31268436578171094
2,48.8,0.5486725663716814
6,57.23333333333333,0.29793510324483774
3,66.8,0.5663716814159292
7,58.43333333333334,0.5870206489675516
5,52.16666666666666,0.46607669616519176
4,56.8,0.6578171091445427
1,55.6,0.6430678466076696
2,43.06666666666666,0.25073746312684364
6,40.53333333333333,0.18289085545722714
3,45.66666666666666,0.5103244837758112
7,45.53333333333333,0.5457227138643068
5,52.16666666666666,0.8082595870206489
4,45.6,0.45722713864306785
1,47.333333333333336,0.7286135693215339
2,49.4,0.45722713864306785
6,57.1,0.6932153392330384
3,59.4,0.7315634218289085
7,46.63333333333333,0.46017699115044247
5,52.333333333333336,0.6342182890855457
4,62.8,0.5693215339233039
1,49.76666666666667,0.7492625368731564
2,47.5,0.44837758112094395
6,46.46666666666667,0.25663716814159293
3,49.4,0.7256637168141593
7,53.7,0.5191740412979351
5,62.0,0.6519174041297935
4,65.39999999999999,0.5781710914454278
1,57.36666666666667,0.6814159292035398
2,56.73333333333333,0.6283185840707964
6,65.8,0.6814159292035398
3,54.06666666666666,0.7817109144542773
7,48.53333333333333,0.5427728613569321
5,62.23333333333333,0.6755162241887905
4,70.93333333333332,0.672566371681416
1,63.46666666666667,0.8938053097345132
2,74.96666666666667,0.976401179941003
6,70.2,0.8348082595870207
3,61.833333333333336,0.5958702064896755
7,65.16666666666667,0.5988200589970502
5,59.26666666666667,0.5722713864306784
4,66.13333333333334,0.5958702064896755
1,70.03333333333335,0.8466076696165191
6,59.833333333333336,0.5634218289085545
3,58.3,0.4778761061946903
7,65.13333333333334,0.672566371681416
5,74.5,0.7286135693215339
4,65.16666666666667,0.5811209439528023
1,65.5,0.8230088495575221
6,69.10000000000001,0.7699115044247787
3,67.06666666666666,0.7522123893805309
7,67.93333333333334,0.6902654867256637
5,68.16666666666667,0.504424778761062
4,57.93333333333334,0.4631268436578171
1,63.79999999999999,0.7728613569321534
2,66.60000000000001,0.8495575221238938
6,59.26666666666667,0.5221238938053098
3,58.86666666666667,0.6135693215339233
7,63.6,0.5073746312684366
5,66.0,0.7787610619469026
4,59.26666666666667,0.5575221238938053
1,61.93333333333334,0.6932153392330384
2,67.5,0.8289085545722714
6,73.10000000000001,0.7846607669616519
3,71.89999999999999,0.7846607669616519
7,72.53333333333333,0.7079646017699115
5,78.06666666666666,0.7492625368731564
4,76.73333333333333,0.6076696165191741
1,77.06666666666666,0.8938053097345132
2,78.9,0.943952802359882
6,77.56666666666666,0.7699115044247787
7,83.73333333333333,0.6637168141592921
5,77.0,0.775811209439528
4,78.2,0.7522123893805309
2,78.43333333333334,0.8023598820058997
6,70.36666666666667,0.6814159292035398
3,71.63333333333333,0.855457227138643
7,74.7,0.5870206489675516
5,83.43333333333334,0.8643067846607669
4,77.89999999999999,0.6519174041297935
1,72.26666666666667,0.7197640117994101
6,79.13333333333334,0.7256637168141593
3,80.73333333333333,0.8200589970501475
7,76.7,0.6224188790560472
5,80.13333333333333,0.7640117994100295
4,77.7,0.6371681415929203
1,85.5,0.7610619469026548
2,85.39999999999999,0.8348082595870207
6,74.5,0.6784660766961652
3,70.60000000000001,0.7256637168141593
7,69.39999999999999,0.7197640117994101
5,70.3,0.5929203539823009
4,72.16666666666667,0.7551622418879056
1,74.8,0.8023598820058997
2,78.86666666666667,0.831858407079646
6,80.26666666666667,0.8525073746312685
3,76.60000000000001,0.799410029498525
7,72.26666666666667,0.6873156342182891
5,68.83333333333333,0.49852507374631266
1,72.36666666666667,0.9941002949852508
2,74.63333333333334,0.9587020648967551
6,77.7,0.8790560471976401
3,78.3,0.7817109144542773
7,76.3,0.7079646017699115
5,76.06666666666666,0.696165191740413
4,79.03333333333333,0.8171091445427728
1,72.5,0.7433628318584071
2,73.3,0.7551622418879056
6,74.3,0.7610619469026548
3,76.23333333333333,0.48672566371681414
7,75.33333333333333,0.6430678466076696
5,72.86666666666667,0.7374631268436578
4,70.8,0.7935103244837758
1,71.5,0.6784660766961652
2,73.66666666666667,0.7876106194690266
6,73.66666666666667,0.6342182890855457
3,76.26666666666667,0.7168141592920354
7,74.8,0.5545722713864307
5,72.93333333333334,0.5250737463126843
4,73.36666666666667,0.6194690265486725
1,68.93333333333332,0.6991150442477876
2,66.96666666666667,0.8082595870206489
6,68.3,0.6578171091445427
3,70.89999999999999,0.5486725663716814
7,72.3,0.5545722713864307
5,68.60000000000001,0.616519174041298
4,69.96666666666665,0.6755162241887905
1,70.10000000000001,0.6578171091445427
2,66.66666666666667,0.6814159292035398
3,70.33333333333333,0.6873156342182891
7,71.46666666666665,0.40117994100294985
5,68.06666666666666,0.41002949852507375
4,64.06666666666666,0.31268436578171094
1,67.0,0.6755162241887905
2,67.16666666666667,0.5693215339233039
6,65.43333333333332,0.5191740412979351
3,66.23333333333333,0.6902654867256637
7,78.0,0.5191740412979351
5,79.86666666666666,0.6106194690265486
4,73.46666666666667,0.7109144542772862
1,74.23333333333333,0.8053097345132744
2,66.8,0.6489675516224189
6,70.16666666666667,0.7109144542772862
3,70.8,0.7728613569321534
7,69.46666666666665,0.7020648967551623
5,70.89999999999999,0.6283185840707964
4,72.60000000000001,0.7227138643067846
1,74.66666666666667,0.8023598820058997
2,74.89999999999999,0.6283185840707964
6,72.43333333333334,0.3303834808259587
3,67.93333333333334,0.6548672566371682
7,66.43333333333334,0.6283185840707964
5,69.56666666666666,0.49852507374631266
4,66.06666666666666,0.48672566371681414
1,62.56666666666666,0.36578171091445427
2,63.03333333333333,0.46017699115044247
6,63.06666666666666,0.49852507374631266
3,72.53333333333335,0.616519174041298
7,78.5,1.0
5,67.7,0.5486725663716814
4,62.2,0.5486725663716814
1,53.13333333333333,0.5073746312684366
2,54.8,0.528023598820059
6,59.36666666666667,0.37168141592920356
3,59.03333333333333,0.5958702064896755
7,57.46666666666667,0.49557522123893805
5,59.9,0.56047197640118
4,61.36666666666667,0.30678466076696165
1,60.13333333333333,0.5457227138643068
2,42.9,0.5545722713864307
6,47.23333333333333,0.45132743362831856
3,45.833333333333336,0.41887905604719766
7,50.26666666666667,0.5899705014749262
5,49.16666666666666,0.5811209439528023
4,46.03333333333333,0.3893805309734513
1,46.7,0.471976401179941
2,53.86666666666667,0.5132743362831859
6,55.96666666666667,0.5191740412979351
3,57.2,0.49557522123893805
7,50.333333333333336,0.3421828908554572
5,48.0,0.46017699115044247
4,48.13333333333333,0.5073746312684366
1,45.333333333333336,0.6106194690265486
2,42.5,0.04424778761061947
6,49.5,0.46607669616519176
3,47.73333333333333,0.3421828908554572
7,41.66666666666666,0.26843657817109146
5,37.96666666666667,0.10029498525073746
4,35.6,0.13274336283185842
1,31.83333333333333,0.9292035398230089
2,38.93333333333333,0.35398230088495575
6,38.93333333333333,0.5221238938053098
3,47.833333333333336,0.3775811209439528
7,38.36666666666667,0.2713864306784661
5,39.36666666666667,0.34513274336283184
4,30.2,0.35398230088495575
1,24.03333333333333,0.40117994100294985
2,33.666666666666664,0.4896755162241888
6,40.66666666666666,0.3185840707964602
7,14.6,0.008849557522123894
5,15.9,0.10029498525073746
4,27.8,0.10029498525073746
1,27.46666666666667,0.6312684365781711
2,32.63333333333333,0.35398230088495575
6,32.800000000000004,0.46607669616519176
3,37.06666666666667,0.41002949852507375
7,37.46666666666667,0.4218289085545723
5,41.333333333333336,0.5486725663716814
4,46.66666666666666,0.3480825958702065
1,36.86666666666667,0.5398230088495575
2,31.33333333333333,0.46607669616519176
6,38.23333333333333,0.45722713864306785
3,44.1,0.4424778761061947
7,41.1,0.3952802359882006
5,45.53333333333333,0.2743362831858407
1,36.53333333333334,0.30973451327433627
2,37.56666666666666,0.35103244837758113
6,39.66666666666666,0.5368731563421829
3,32.833333333333336,0.48672566371681414
7,32.800000000000004,0.4306784660766962
5,36.833333333333336,0.5958702064896755
4,35.7,0.46017699115044247
1,38.333333333333336,0.5663716814159292
2,30.2,0.46017699115044247
6,38.5,0.3746312684365782
3,46.66666666666666,0.4749262536873156
7,22.933333333333334,0.3864306784660767
5,18.666666666666668,0.18289085545722714
4,28.133333333333336,0.3303834808259587
1,39.13333333333333,0.5545722713864307
2,32.833333333333336,0.40412979351032446
6,24.4,0.3303834808259587
3,27.03333333333333,0.2359882005899705
7,26.5,0.37168141592920356
5,21.0,0.3215339233038348
4,22.7,0.41002949852507375
1,29.633333333333336,0.5368731563421829
2,37.53333333333333,0.5988200589970502
6,38.93333333333334,0.40412979351032446
3,41.766666666666666,0.4336283185840708
7,39.0,0.2359882005899705
4,55.43333333333334,0.19469026548672566
1,38.23333333333333,0.4424778761061947
2,34.5,0.28023598820059
6,53.06666666666666,0.4277286135693215
3,38.93333333333333,0.21238938053097345
7,27.4,0.014749262536873156
